lea,candidate,gender,vote_share,party
CARLOW,"Aylesbury, Molly",F,0.03005635566687539,GRN
CARLOW,"* BROWNE, FERGAL",M,0.11183469004383219,FG
CARLOW,"Callinan, Mark",M,0.04358171571696932,SF
CARLOW,"* CASSIN, JOHN",M,0.07388854101440201,INDI
CARLOW,"Chiorean, Nicoleta",F,0.029805886036318098,SF
CARLOW,"* DALTON, ANDREA",F,0.14389480275516595,FF
CARLOW,"Donohoe, Orla",F,0.016530995616781466,IFP
CARLOW,"DOOGUE, PAUL",M,0.053224796493425174,FG
CARLOW,"Doyle, Ruairí",M,0.019536631183469006,SF
CARLOW,"* MURNANE, KEN",M,0.07038196618659988,FF
CARLOW,"Murphy, Daeln",M,0.01966186599874765,TNP
CARLOW,"* O'Neill, Tom",M,0.04984345648090169,FG
CARLOW,"O'Rock, Jolly",F,0.022041327489041952,NON-P
CARLOW,"* PHELAN, FINTAN",M,0.21014402003757043,FF
CARLOW,"Ryan, Maria",F,0.017658108954289292,IF
CARLOW,"Temiola, Adetula",M,0.014151534126487163,NON-P
CARLOW,"* WALLACE, ADRIENNE",F,0.05234815278647464,PBP
CARLOW,"Woods, Rory",M,0.021415153412648717,TIP
MUINEBHEAG,"* DORAN, MICHAEL",M,0.1329479768786127,FG
MUINEBHEAG,"Gladney, Áine",F,0.02960665444804737,SF
MUINEBHEAG,"* GLADNEY, ANDY",M,0.14352178203862964,SF
MUINEBHEAG,"* KINSELLA, THOMAS",M,0.2441844071619907,FG
MUINEBHEAG,"* McDonald, Arthur",M,0.11546595234738474,FF
MUINEBHEAG,"O'Brien, Liam",M,0.04159030029606654,GRN
MUINEBHEAG,"PENDER, DANIEL",M,0.1390102918370224,FF
MUINEBHEAG,"* QUINN, WILLIE",M,0.15367263499224587,LAB
TULLOW,"Cahill, John",M,0.022829293317942798,PBP
TULLOW,"Callaghan [Nee Roberts], Catherine",F,0.07874823650121841,FG
TULLOW,"DEANE, JIM",M,0.05373861741695524,SF
TULLOW,"Fennelly Nolan, Patricia",F,0.023727074515839424,NON-P
TULLOW,"Gahan, Ken",M,0.027959471591637808,SF
TULLOW,"* McDonald, John",M,0.04642811337693985,FF
TULLOW,"McDonnell, Annette",F,0.03257663203796332,NON-P
TULLOW,"* MURPHY, CHARLIE",M,0.1649352314992946,NON-P
TULLOW,"Murphy, Daeln",M,0.01872515069898679,TNP
TULLOW,"Nolan, Billy",M,0.041426189560087215,NON-P
TULLOW,"* O'DONOGHUE, BRIAN",M,0.08092856226753879,FG
TULLOW,"* PATON, WILL",M,0.13043478260869565,NON-P
TULLOW,"* PENDER, JOHN",M,0.17121969988457098,FF
TULLOW,"Thompson, Phil",F,0.01603180710529691,SF
TULLOW,"WARD, BEN",M,0.0902911376170322,FG
BAILIEBOROUGH-COOTEHILL,"* BRADY, CARMEL",F,0.1402632017324671,FG
BAILIEBOROUGH-COOTEHILL,"CONATY, STIOFÁN",M,0.08920539730134933,SF
BAILIEBOROUGH-COOTEHILL,"Cosgrove, Garry",M,0.05039147093120107,NON-P
BAILIEBOROUGH-COOTEHILL,"* Fitzpatrick, Aiden",M,0.09803431617524572,FF
BAILIEBOROUGH-COOTEHILL,"* KELLY, CLIFFORD",M,0.10286523404964185,FF
BAILIEBOROUGH-COOTEHILL,"McCormack, Fiona",F,0.016824920872896883,NON-P
BAILIEBOROUGH-COOTEHILL,"* McDonald, Paddy",M,0.06355155755455605,SF
BAILIEBOROUGH-COOTEHILL,"McEntee, Marina",F,0.02607029818424121,SF
BAILIEBOROUGH-COOTEHILL,"O'Reilly, John [Seán]",M,0.004914209561885724,NON-P
BAILIEBOROUGH-COOTEHILL,"* O'REILLY, SARAH",F,0.1475928702315509,ANT
BAILIEBOROUGH-COOTEHILL,"Shekleton, Kristofer",M,0.05363984674329502,INDI
BAILIEBOROUGH-COOTEHILL,"SMITH, NIALL",M,0.09070464767616192,FF
BAILIEBOROUGH-COOTEHILL,"* SMITH, VAL",M,0.11594202898550725,FG
BALLYJAMESDUFF,"* BENNETT, WINSTON",M,0.1224575558917465,FG
BALLYJAMESDUFF,"* BRADY, PHILIP 'GUNNER'",M,0.10884182215498403,FF
BALLYJAMESDUFF,"CONNELL, NOEL",M,0.0897629853756934,SF
BALLYJAMESDUFF,"Gaffney, Angela",F,0.04496554042696251,SF
BALLYJAMESDUFF,"Galligan, Nathan",M,0.06942343250966548,FF
BALLYJAMESDUFF,"Goggins, Kieran",M,0.009161203563624138,IFP
BALLYJAMESDUFF,"Gordon, Lester",M,0.08051773407295344,TIP
BALLYJAMESDUFF,"McPhillips, Grainne",F,0.06396032946713734,ANT
BALLYJAMESDUFF,"* O'REILLY, SHANE P.",M,0.15750546310304253,INDI
BALLYJAMESDUFF,"* O'REILLY, TP",M,0.10522776937300386,FG
BALLYJAMESDUFF,"* SMITH, TREVOR",M,0.14817616406118675,FG
CAVAN,"BRADY, DAMIEN",M,0.1043956043956044,SF
CAVAN,"BRADY, NIAMH",F,0.1015984015984016,FG
CAVAN,"* FAYE, BRENDAN",M,0.16253746253746254,NON-P
CAVAN,"* FEELEY, JOHN PAUL",M,0.1048951048951049,FF
CAVAN,"Komolafe, Susuana",F,0.006593406593406593,NON-P
CAVAN,"* McVitty, Peter",M,0.0987012987012987,FG
CAVAN,"Murphy, Kevin",M,0.01038961038961039,GRN
CAVAN,"* SMITH, AINE",F,0.17612387612387612,FF
CAVAN,"Tinev, Tinko Petrov",M,0.022477522477522476,ANT
CAVAN,"Van Der Spek, Liam",M,0.033766233766233764,LAB
CAVAN,"Wall, Michael ""Bricker""",M,0.08461538461538462,SF
CAVAN,"* WALSH, PATRICIA",F,0.0939060939060939,FF
ENNIS,"BAKER BASHUA, ANTOINETTE",F,0.09918478260869565,FF
ENNIS,"* COLLERAN MOLLOY, CLARE",F,0.10122282608695653,FF
ENNIS,"* DALY, PAT",M,0.15557065217391305,FF
ENNIS,"Ginnity, Bridget",F,0.05986752717391304,GRN
ENNIS,"GUILFOYLE, TOMMY",M,0.10113790760869565,SF
ENNIS,"* HOWARD, MARY",F,0.12177309782608696,FG
ENNIS,"Keenan, Ruairí",M,0.03388247282608696,NON-P
ENNIS,"Kwasny, Jacek Kazimierz",M,0.00577445652173913,NON-P
ENNIS,"Major, Amanda",F,0.033627717391304345,NON-P
ENNIS,"* MURPHY, PAUL",M,0.11311141304347826,FG
ENNIS,"* O’CALLAGHAN, TOM",M,0.08814538043478261,FF
ENNIS,"Ryan, Seamus",M,0.035920516304347824,LAB
ENNIS,"Tonge, Hilary",F,0.05078125,SD
ENNISTIMON,"* GARRIHY, JOE",M,0.19764239286107746,FG
ENNISTIMON,"* Grant, Liam",M,0.12669384157761374,GRN
ENNISTIMON,"* KILLEEN, JOE",M,0.175608681282362,FF
ENNISTIMON,"Loughrey, Michael",M,0.013991406852484302,TIP
ENNISTIMON,"O’Loughlin, Pam",F,0.025779442547097058,NON-P
ENNISTIMON,"O’Sullivan, Conor",M,0.03007601630494657,SF
ENNISTIMON,"SLATTERY, BILL",M,0.24721824391318717,FG
ENNISTIMON,"* TALTY, SHANE",M,0.17285446733502258,FF
ENNISTIMON,"Vaughan, Denis",M,0.0101355073262091,LAB
KILLALOE,"* BURKE, PAT",M,0.10082660515186467,FG
KILLALOE,"Cleary, Dr Martina",F,0.036428296808919645,SF
KILLALOE,"* COONEY, JOE",M,0.2709534794309881,FG
KILLALOE,"Flynn, Audrey",F,0.03335255670895809,GRN
KILLALOE,"* HAYES, PAT",M,0.15369088811995385,FF
KILLALOE,"Levie, Fiona",F,0.0589196462898885,SD
KILLALOE,"Moroney, Matthew",M,0.08266051518646675,INDI
KILLALOE,"* O’BRIEN, TONY",M,0.12139561707035755,FF
KILLALOE,"* O’CALLAGHAN, ALAN",M,0.14177239523260285,FF
KILRUSH,"Bennett, Dawn",F,0.04495000458673516,SF
KILRUSH,"Doohan, Therese",F,0.07302082377763508,FG
KILRUSH,"GOULD, DINNY",M,0.12017246124208789,NON-P
KILRUSH,"Griffin, Susan",F,0.030455921475094027,GRN
KILRUSH,"Hassett, Kevin",M,0.04109714705072929,INDI
KILRUSH,"Hill, John",M,0.02632785982937345,IFP
KILRUSH,"* KEATING, GABRIEL",M,0.09531235666452618,FG
KILRUSH,"* LYNCH, IAN",M,0.12090633886799376,NON-P
KILRUSH,"* MCINERNEY, RITA",F,0.12292450233923494,FF
KILRUSH,"* Murphy, Cillian",M,0.0927437849738556,FF
KILRUSH,"SHANNON, MICHAEL",M,0.09641317310338501,FF
KILRUSH,"Troy, Alan",M,0.0900834785799468,FF
KILRUSH,"Woulfe, Joe",M,0.045592147509402804,INDI
SHANNON,"Barry, Pat",M,0.012971394210119405,NON-P
SHANNON,"* BEGLEY, MICHAEL",M,0.07138561979211408,NON-P
SHANNON,"Cavanagh, Fursa",M,0.01726655785585431,GRN
SHANNON,"* CROWE, JOHN",M,0.10789451078086075,FG
SHANNON,"Gillane, Val",M,0.07026887724422301,FG
SHANNON,"GRIFFIN, DAVID",M,0.1317756206511468,FF
SHANNON,"HARTIGAN, RACHEL",F,0.10334163731638175,FF
SHANNON,"Haugh, John",M,0.023623400051541964,ANT
SHANNON,"* MCGETTIGAN, DONNA",F,0.09801563439567047,SF
SHANNON,"McNamara, Keith",M,0.04707499355725453,NON-P
SHANNON,"MULCAHY, TONY",M,0.0882226612833949,FG
SHANNON,"O’Brien, Conor",M,0.0027489047332703376,NON-P
SHANNON,"* O’GORMAN, PAT",M,0.10162357185808779,FF
SHANNON,"Ryan, James",M,0.039085989176187615,SF
SHANNON,"* Ryan, P.J.",M,0.08470062709389228,NON-P
CORK CITY NORTH EAST,"Busteed, Edith",F,0.0448814926878467,PBP
CORK CITY NORTH EAST,"Condon, Martin",M,0.014192061090699518,NON-P
CORK CITY NORTH EAST,"Daley, Christa",F,0.060730494921115194,SF
CORK CITY NORTH EAST,"Daly, Imelda",F,0.06310784525610547,FG
CORK CITY NORTH EAST,"Halpin, Sinéad",F,0.029969022404725883,SD
CORK CITY NORTH EAST,"* KAVANAGH, JOE",M,0.09747136373460126,FG
CORK CITY NORTH EAST,"MacCarthy Morrogh, Tamasin",F,0.002737554931200922,NON-P
CORK CITY NORTH EAST,"MAHER, JOHN",M,0.1444420430804697,LAB
CORK CITY NORTH EAST,"MCDONNELL, MARGARET",F,0.09934442763489662,FF
CORK CITY NORTH EAST,"* MORAN, OLIVER",M,0.06526907283336936,GRN
CORK CITY NORTH EAST,"O’FLYNN, KEN",M,0.22577624090483395,INDI
CORK CITY NORTH EAST,"O’Leary-Hegarty, Mandy",F,0.02932065413154672,SF
CORK CITY NORTH EAST,"Ryan, Shane",M,0.03227433182047403,FF
CORK CITY NORTH EAST,"* TYNAN, TED",M,0.06548519559109574,NON-P
CORK CITY NORTH EAST,"Ward, Anita",F,0.024998198977018948,TIP
CORK CITY NORTH WEST,"* BOYLAN, DAMIAN",M,0.1525796723449344,FG
CORK CITY NORTH WEST,"* COLLINS, KENNETH",M,0.10424647485532643,SF
CORK CITY NORTH WEST,"* FITZGERALD, TONY",M,0.1573070339881001,FF
CORK CITY NORTH WEST,"GOULD, MICHELLE",F,0.09177602086559622,SF
CORK CITY NORTH WEST,"Jordan, Louise",F,0.03749286820441764,GRN
CORK CITY NORTH WEST,"Joy, James",M,0.02746760127149727,LAB
CORK CITY NORTH WEST,"Lahive, Ross",M,0.05901051430434428,TIP
CORK CITY NORTH WEST,"Mackin, Saoirse",F,0.03186893797375499,SD
CORK CITY NORTH WEST,"* MCCARTHY, BRIAN",M,0.059744070421387234,PBP
CORK CITY NORTH WEST,"Morrissey, Stephen",M,0.04360583584644225,NON-P
CORK CITY NORTH WEST,"* Nugent, Mick",M,0.060233107832749204,SF
CORK CITY NORTH WEST,"* SHEEHAN, JOHN",M,0.12820930801206293,FF
CORK CITY NORTH WEST,"Toomey, Finian",M,0.04645855407938707,ANT
CORK CITY SOUTH CENTRAL,"* BOYLE, DAN",M,0.08258511036288814,GRN
CORK CITY SOUTH CENTRAL,"Boyle, David",M,0.058361391694725026,FF
CORK CITY SOUTH CENTRAL,"Daly, Anna",F,0.049289188178077065,ANT
CORK CITY SOUTH CENTRAL,"* DINEEN, PAUDIE",M,0.08221099887766554,NON-P
CORK CITY SOUTH CENTRAL,"Harris, Joe",M,0.01870557426112982,INDI
CORK CITY SOUTH CENTRAL,"* KERINS, FIONA",F,0.07912457912457913,SF
CORK CITY SOUTH CENTRAL,"Laird, Shane Patrick",M,0.021137298915076694,PBP
CORK CITY SOUTH CENTRAL,"Margassery, Dr. Lekha Menon",M,0.03161242050130939,LAB
CORK CITY SOUTH CENTRAL,"* MARTIN, SEÁN",M,0.13112607557052003,FF
CORK CITY SOUTH CENTRAL,"McGrath, Luke",M,0.05761316872427984,SF
CORK CITY SOUTH CENTRAL,"Murphy, Tommy",M,0.030864197530864196,IF
CORK CITY SOUTH CENTRAL,"O'Brien, William",M,0.07903105125327348,NON-P
CORK CITY SOUTH CENTRAL,"* O’CALLAGHAN, SHANE",M,0.1748971193415638,FG
CORK CITY SOUTH CENTRAL,"Rajesh, Joel",M,0.0023381967826412273,NON-P
CORK CITY SOUTH CENTRAL,"RICE, PÁDRAIG",M,0.10110362888140666,SD
CORK CITY SOUTH EAST,"* Bogue, Lorna",F,0.033386530481966166,NON-P
CORK CITY SOUTH EAST,"* CAHILL, DES",M,0.1115863389722311,FG
CORK CITY SOUTH EAST,"Cowhey Shahid, Michelle",F,0.03951484200446856,SF
CORK CITY SOUTH EAST,"* DESMOND, MARY ROSE",F,0.12109798914778168,FF
CORK CITY SOUTH EAST,"Doyle, Susan",F,0.05100542610916055,SD
CORK CITY SOUTH EAST,"Field, Tony",M,0.005489945738908394,NON-P
CORK CITY SOUTH EAST,"* Forde, Deirdre",F,0.07577401851260772,FG
CORK CITY SOUTH EAST,"HORGAN, PETER",M,0.07692307692307693,LAB
CORK CITY SOUTH EAST,"Hurley Roche, Rachel",F,0.01021385253750399,NON-P
CORK CITY SOUTH EAST,"KAMEGNI, HONORE",M,0.07571018193424832,GRN
CORK CITY SOUTH EAST,"* MCCARTHY, KIERAN",M,0.1118416852856687,NON-P
CORK CITY SOUTH EAST,"O’Brien, Barry",M,0.05898499840408554,FG
CORK CITY SOUTH EAST,"O’Leary, Chris",M,0.05362272582189594,SF
CORK CITY SOUTH EAST,"O’Riordan, Michael",M,0.02221512926907118,TIP
CORK CITY SOUTH EAST,"* SHANNON, TERRY",M,0.13769549952122567,FF
CORK CITY SOUTH EAST,"Wright, Shannon",F,0.014937759336099586,NON-P
CORK CITY SOUTH WEST,"Christopher-Rea, Andrea",F,0.03321493113977691,FG
CORK CITY SOUTH WEST,"COLEMAN, TERRY",M,0.07328472611703123,FF
CORK CITY SOUTH WEST,"DEASY, ALBERT",M,0.0708543653019256,NON-P
CORK CITY SOUTH WEST,"* DENNEHY, FERGAL",M,0.1067489250327164,FF
CORK CITY SOUTH WEST,"* Finn, Colette",F,0.04250015579235994,GRN
CORK CITY SOUTH WEST,"HARMON, LAURA",F,0.07727301053156353,LAB
CORK CITY SOUTH WEST,"* KELLEHER, COLM",M,0.10880538418395962,FF
CORK CITY SOUTH WEST,"* KELLEHER, GARRET",M,0.09715211566024802,FG
CORK CITY SOUTH WEST,"Kiely, Thomas",M,0.029226646725244596,NON-P
CORK CITY SOUTH WEST,"LYNCH, JOE",M,0.06399950146444819,SF
CORK CITY SOUTH WEST,"Macdonnchadha, Aran",M,0.014956066554496168,NON-P
CORK CITY SOUTH WEST,"McCarthy, Ciaran",M,0.0628154795288839,SD
CORK CITY SOUTH WEST,"McCarthy, Trevor",M,0.03433663613136412,SF
CORK CITY SOUTH WEST,"Murphy, Joanne",F,0.044743565775534365,ANT
CORK CITY SOUTH WEST,"O'Brien, Gary",M,0.0534679379323238,FG
CORK CITY SOUTH WEST,"O'Leary, Orla",F,0.04904343490995201,SF
CORK CITY SOUTH WEST,"Shevchenko, Olga",F,0.03757711721817162,FF
BANDON-KINSALE,"BAMBURY, ANN",F,0.10813408626697105,SD
BANDON-KINSALE,"* COLEMAN, ALAN",M,0.1508470503424246,NON-P
BANDON-KINSALE,"COLLINS, JOHN",M,0.14297729184188393,INDI
BANDON-KINSALE,"* COUGHLAN, GILLIAN",F,0.10368857383155113,FF
BANDON-KINSALE,"FOLEY, JOHN MICHAEL",M,0.1318034362609636,FG
BANDON-KINSALE,"MURPHY O'MAHONY, Margaret",F,0.0590532260002403,FF
BANDON-KINSALE,"O'CALLAGHAN, Clare",F,0.026613000120148986,SF
BANDON-KINSALE,"* O'DONOVAN, Seán",M,0.06716328247026312,FF
BANDON-KINSALE,"O'DRISCOLL, Deborah",F,0.008710801393728223,TIP
BANDON-KINSALE,"* O'SULLIVAN, MARIE",F,0.09599903880812208,FG
BANDON-KINSALE,"PIPER, Brendan",M,0.02931635227682326,NON-P
BANDON-KINSALE,"SEAMAN, Gerard",M,0.059353598462092996,FG
BANDON-KINSALE,"SPILLANE, Stephen",M,0.016340261924786735,GRN
BANTRY-WEST CORK,"COAKLEY WAKEFIELD, Liz",F,0.023912159414396096,GRN
BANTRY-WEST CORK,"* COLLINS, DANNY",M,0.19406262708418057,INDI
BANTRY-WEST CORK,"* CRONIN, CAROLINE",F,0.137942252948353,FG
BANTRY-WEST CORK,"CROWLEY, Danny",M,0.10126067507116714,FF
BANTRY-WEST CORK,"HARRINGTON, FINBARR",M,0.15209434729564864,NON-P
BANTRY-WEST CORK,"* HEINHOLD, Chris",M,0.08084587230581537,SD
BANTRY-WEST CORK,"MAGUIRE LEAHY, Mary Lou",F,0.04570963806425376,FG
BANTRY-WEST CORK,"MURPHY, Patrick",M,0.023505490036600244,ANT
BANTRY-WEST CORK,"* MURPHY, PATRICK GERARD",M,0.1106954046360309,FF
BANTRY-WEST CORK,"O'CALLAGHAN, Colum",M,0.020984139894265962,SF
BANTRY-WEST CORK,"O'SULLIVAN, Helen",F,0.10898739324928833,NON-P
CARRIGALINE,"* BUCKLEY, AUDREY",F,0.0671761028134769,FF
CARRIGALINE,"* DALTON-O'SULLIVAN, BEN",M,0.16081972907259465,NON-P
CARRIGALINE,"FAHY, EOGHAN",M,0.09399096908648837,SF
CARRIGALINE,"* MCCARTHY, ÚNA",F,0.07585967349774227,FG
CARRIGALINE,"* MCGRATH, SEAMUS",M,0.3606113233761723,FF
CARRIGALINE,"O'Brien, Chris",M,0.03758249392150052,NON-P
CARRIGALINE,"O'Regan, John",M,0.02507815213615839,LAB
CARRIGALINE,"Oikeh, Monica",F,0.03820771101076763,GRN
CARRIGALINE,"Terry, Richard",M,0.03160819729072595,SD
CARRIGALINE,"* WHITE, JACK",M,0.10906564779437304,FG
COBH,"ABU ZEID-O'NEILL, Rola",F,0.0380952380952381,PBP
COBH,"* BARRY, ANTHONY",M,0.14982578397212543,FG
COBH,"CURLEY, GER",M,0.10011614401858304,INDI
COBH,"FINN, DOMINIC",M,0.07278358497870693,FF
COBH,"KELLY, Keith",M,0.04994192799070848,FG
COBH,"KIDNEY, Peter",M,0.027642276422764227,NON-P
COBH,"ÖZÇINAR, Medhi",M,0.048006194347657766,SF
COBH,"Ó CADHLA, Diarmaid",M,0.04328300425861401,GVP
COBH,"* O'CALLAGHAN, SHEILA",F,0.17049941927990708,FF
COBH,"O'HALLORAN, Clíona",F,0.0645760743321719,GRN
COBH,"* RASMUSSEN, CATHAL",M,0.11931862175764615,LAB
COBH,"* SHEPPARD, SINÉAD",F,0.11591173054587689,FG
FERMOY,"BLIGHE, Derek",M,0.054481546572934976,IF
FERMOY,"BRENNAN, Ken",M,0.009817586812920429,INDI
FERMOY,"COTTER, NEILUS",M,0.07508635840252106,FF
FERMOY,"* DAWSON, Kay",F,0.06417792861038725,FG
FERMOY,"HANLEY, Diarmuid",M,0.0554511847766802,LAB
FERMOY,"HORGAN, Thomas",M,0.00369674565177868,NON-P
FERMOY,"* MCCARTHY, NOEL",M,0.15902066541421733,FG
FERMOY,"* O'BRIEN, DEIRDRE",F,0.11459911520513909,FF
FERMOY,"O'BRIEN, Joe",M,0.043936731107205626,SF
FERMOY,"O'DONOGHUE, PETER",M,0.05678443730682989,NON-P
FERMOY,"* O'FLYNN, FRANK",M,0.13029513362826495,FF
FERMOY,"* O'LEARY, WILLIAM",M,0.17695897218350404,NON-P
FERMOY,"* ROCHE, Frank",M,0.03805829949700018,NON-P
FERMOY,"RYDER, Mary",M,0.0114538512817405,GRN
FERMOY,"TOBIN, Joe",M,0.006181443548875826,NON-P
KANTURK,"BRADLEY, Ted",M,0.01348747591522158,GRN
KANTURK,"CRONIN, Finbarr",M,0.04457873533018042,NON-P
KANTURK,"* DOYLE, IAN",M,0.10509721492380451,FF
KANTURK,"KEALY, Becky",F,0.08346470485198809,ANT
KANTURK,"* MOYNIHAN, BERNARD",M,0.2653704676826064,FF
KANTURK,"MURPHY, TRISH",F,0.17840252233315818,FG
KANTURK,"O’CONNOR, Brendan",M,0.0348572429497285,INDI
KANTURK,"O’KEEFFE, Evelyn",F,0.04694342266596602,SF
KANTURK,"* O’SHEA, JOHN PAUL",M,0.19136451217376074,FG
KANTURK,"RING, Andrew",M,0.03643370117358557,SD
MACROOM,"Burgess, Harriet",F,0.05278839667191365,GRN
MACROOM,"* COUGHLAN, MARTIN",M,0.0830897234090398,NON-P
MACROOM,"* CREED, MICHAEL",M,0.14577243085225994,FG
MACROOM,"Kelleher, Dermot",M,0.07516303125702721,INDI
MACROOM,"* LOONEY, MICHAEL",M,0.1409939284911176,FF
MACROOM,"* LUCEY, TED",M,0.11569597481448167,FG
MACROOM,"* LYNCH, EILEEN",F,0.13357319541263774,FG
MACROOM,"* MOYNIHAN, GOBNAIT",F,0.15707218349449067,FF
MACROOM,"O'Leary, Rosarie",F,0.033055992804137624,ANT
MACROOM,"O'Sullivan, John",M,0.06279514279289408,SF
MALLOW,"CANNON, Ross",M,0.02741125393717545,TIP
MALLOW,"CURRY, David",M,0.019834851451434408,SD
MALLOW,"* HAYES, PAT",M,0.09159785477143101,FF
MALLOW,"* KENNY, EOGHAN",M,0.19060185579296843,LAB
MALLOW,"MCNALLY, Paul",M,0.011407167787520218,GRN
MALLOW,"* MADDEN, LIAM",M,0.21886439090831702,FG
MALLOW,"* MURPHY, GEARÓID",M,0.11313526857921172,FF
MALLOW,"O'BRIEN, Melissa",F,0.07372095002979484,SF
MALLOW,"* O'SHEA, TONY",M,0.22261002809227887,FG
MALLOW,"SCULLY, Paddy",M,0.03081637864986805,ANT
MIDLETON,"ADAMS, Edith",F,0.0441358024691358,SF
MIDLETON,"AHERN, ANN-MARIE",F,0.065,FF
MIDLETON,"BUCKLEY, JOHN",M,0.053209876543209876,NON-P
MIDLETON,"BUCKLEY, Seán",M,0.04037037037037037,NON-P
MIDLETON,"BULLMAN, Paddy",M,0.02271604938271605,IF
MIDLETON,"COCKING, RORY",M,0.08641975308641975,FG
MIDLETON,"CURTIN, Alison",F,0.049567901234567904,FG
MIDLETON,"HARRINGTON, Clodagh",F,0.02388888888888889,GRN
MIDLETON,"* HEGARTY, MICHAEL",M,0.13061728395061728,FG
MIDLETON,"KELLY-MCCARTHY, Eileen",F,0.0367283950617284,INDI
MIDLETON,"* LINEHAN-FOLEY, MARY",F,0.1828395061728395,NON-P
MIDLETON,"MULCAHY, PATRICK",M,0.10055555555555555,FF
MIDLETON,"NEVILLE, Michelle",F,0.009074074074074075,NON-P
MIDLETON,"O'SULLIVAN, James-Peter",M,0.013024691358024691,TIP
MIDLETON,"* QUAIDE, LIAM",M,0.09913580246913581,SD
MIDLETON,"STROMSOE, Mona",F,0.04271604938271605,ANT
SKIBBEREEN-WEST CORK,"* CARROLL, JOE",M,0.11742623814541622,FF
SKIBBEREEN-WEST CORK,"* COAKLEY, Karen",F,0.03655163329820864,NON-P
SKIBBEREEN-WEST CORK,"DEANE, Lorraine",F,0.01231559536354057,ANT
SKIBBEREEN-WEST CORK,"DEEGAN, Humphrey",M,0.05617755532139094,NON-P
SKIBBEREEN-WEST CORK,"* HURLEY, Declan",M,0.06882244467860907,NON-P
SKIBBEREEN-WEST CORK,"JACKSON, Rory",M,0.014093782929399367,GRN
SKIBBEREEN-WEST CORK,"* KELLY, DEIRDRE",F,0.08851422550052687,FF
SKIBBEREEN-WEST CORK,"MCCARTHY, Brendan",M,0.09114857744994731,FG
SKIBBEREEN-WEST CORK,"NEVIN, Evie",F,0.029636459430979978,LAB
SKIBBEREEN-WEST CORK,"O'DONOVAN, NOEL",M,0.16102476290832454,FG
SKIBBEREEN-WEST CORK,"O'MAHONY, Barry",M,0.04261064278187566,NON-P
SKIBBEREEN-WEST CORK,"O'REILLY, Pádraig",M,0.07896469968387776,FF
SKIBBEREEN-WEST CORK,"Ó SEAGHDA, Dónnchadh",M,0.03635405690200211,SF
SKIBBEREEN-WEST CORK,"SEXTON, DANIEL",M,0.08410168598524763,INDI
SKIBBEREEN-WEST CORK,"TOWSE, ISOBEL",F,0.08225763962065331,SD
BUNCRANA,"BEARD, JOY",F,0.1752235839682014,100R
BUNCRANA,"BRADLEY, FIONÁN",M,0.09351882521806337,FF
BUNCRANA,"* CANNING, PAUL",M,0.13989179640057414,FF
BUNCRANA,"* CROSSAN, TERRY",M,0.10743071657281661,SF
BUNCRANA,"Le Masurier, Jason",M,0.009826653417246329,GRN
BUNCRANA,"McGee, Eamon",M,0.009937065253395164,NON-P
BUNCRANA,"McGuinness, Niamh",F,0.052997681351440874,SF
BUNCRANA,"McLaughlin, Peter",M,0.05509550623826874,FG
BUNCRANA,"McMenamin, Kim",M,0.06260351109638954,TIP
BUNCRANA,"McMyler, Adrian",M,0.027713370873357623,NON-P
BUNCRANA,"Mulligan, Liam",M,0.017555481947664788,ANT
BUNCRANA,"* MURRAY, JACK",M,0.24820580766258143,SF
CARDONAGH,"Devine, Toni",F,0.033001637485829446,SF
CARDONAGH,"* DOHERTY, ALBERT",M,0.12545660662551958,SF
CARDONAGH,"FARREN, ALI",M,0.28378889028844945,100R
CARDONAGH,"* FARREN, MARTIN",M,0.12608640886761557,LAB
CARDONAGH,"* MCDERMOTT, MARTIN",M,0.2606121677793173,FF
CARDONAGH,"* McGuinness, Johnny",M,0.09270689003652853,FG
CARDONAGH,"McKinney, Donal",M,0.0243103665449049,TIP
CARDONAGH,"McKinney, Paul Barry",M,0.047109207708779445,NON-P
CARDONAGH,"White, Michael",M,0.0069278246630558,GRN
DONEGAL,"Boyle, Linda",F,0.03326373389012888,SF
DONEGAL,"BOYLE, MANUS",M,0.09172726618187055,FG
DONEGAL,"BROGAN, JIMMY",M,0.0976312189502484,NON-P
DONEGAL,"Brogan, Patrick",M,0.02015983872129023,ANT
DONEGAL,"Doherty, Diarmaid",M,0.03585571315429477,NON-P
DONEGAL,"Hegarty, Martin",M,0.05587155302757578,FF
DONEGAL,"* JORDAN, NOEL",M,0.11375908992728058,SF
DONEGAL,"Kennedy, Claudia",F,0.021671826625386997,FF
DONEGAL,"* KENNEDY, NIAMH",F,0.07934336525307797,NON-P
DONEGAL,"Kennedy, Pauric",M,0.09532723738210094,NON-P
DONEGAL,"* MCMAHON, MICHAEL",M,0.10684714522283821,SF
DONEGAL,"Molloy, John",M,0.010079919360645114,TIP
DONEGAL,"* NAUGHTON, MICHÉAL",M,0.1329829361365109,FF
DONEGAL,"* Sweeny, Barry",M,0.0922312621499028,FG
DONEGAL,"Vial, Derek",M,0.013247894016847865,NON-P
GLENTIES,"* CARR, BRIAN",M,0.07750113860634583,SF
GLENTIES,"Doohan, Anthony Matthew",M,0.008046151510551085,NON-P
GLENTIES,"Duffy, Jimmy",M,0.021785334750265676,LAB
GLENTIES,"Harkin, Michael",M,0.034993168361925,ANT
GLENTIES,"* MAC GIOLLA EASBUIG, MICHEÁL CHOILM",M,0.1613025656596326,NON-P
GLENTIES,"* MCCLAFFERTY, MICHAEL",M,0.14308486412630939,NON-P
GLENTIES,"MCGEE, DENIS",M,0.06748140276301806,100R
GLENTIES,"* MOLLOY, ANTHONY",M,0.1069530894185517,FF
GLENTIES,"Molloy, Joseph",M,0.05700622438135722,FG
GLENTIES,"O'Donnell, Kevin",M,0.04410201912858661,NON-P
GLENTIES,"* Ó FEARRAIGH, JOHN SHÉAMAIS",M,0.07362987703051466,SF
GLENTIES,"Reilly, John",M,0.0494914224988614,FF
GLENTIES,"Rodgers, Anne Marie",F,0.02800971610748444,FF
GLENTIES,"Rodgers, Kellie",F,0.06057385759829968,SF
GLENTIES,"Stewart, Jonathan",M,0.06027022923941096,NON-P
GLENTIES,"Sweeney, Ann",F,0.005768938818885684,NON-P
LETTERKENNY,"Ahmed, Thoiba",F,0.03370182711500077,NON-P
LETTERKENNY,"* Bradley, Kevin",M,0.056118532166436357,NON-P
LETTERKENNY,"Bradley, Vincent J",M,0.0075234147090434515,NON-P
LETTERKENNY,"* BROGAN, CIARAN",M,0.1080147397512667,FF
LETTERKENNY,"Carr, Nuala",F,0.01351143866113926,GRN
LETTERKENNY,"* COYLE, DONAL",M,0.07293106095501305,FF
LETTERKENNY,"DEVINE, TOMÁS SEÁN",M,0.09887916474742822,100R
LETTERKENNY,"Haughey, Sandra",F,0.04759711346537694,SF
LETTERKENNY,"Hughes, Ulick",M,0.026408721019499464,SF
LETTERKENNY,"Jordan, Declan",M,0.04752034392752956,NON-P
LETTERKENNY,"* KAVANAGH, JIMMY",M,0.09588515277138032,FG
LETTERKENNY,"* KELLY, DONAL MANDY",M,0.14148625825272532,FF
LETTERKENNY,"* MCBRIDE, MICHAEL",M,0.08452326116996775,NON-P
LETTERKENNY,"McCloskey, Anne",F,0.011515430677107323,TIP
LETTERKENNY,"McLaughlin, Michael",M,0.017349915553508368,LAB
LETTERKENNY,"* MCMONAGLE, GERRY",M,0.07446645171196069,SF
LETTERKENNY,"O Donnell, Selina",F,0.0023030861354214646,NON-P
LETTERKENNY,"Sweeney, Mary T",F,0.060264087210194994,ANT
LIFFORD-STRANORLAR,"Connolly, Garvan",M,0.04543859649122807,FG
LIFFORD-STRANORLAR,"* Crawford, Gerry",M,0.0868421052631579,FF
LIFFORD-STRANORLAR,"* DOHERTY, GARY",M,0.10464912280701755,SF
LIFFORD-STRANORLAR,"* HARLEY, MARTIN",M,0.1106140350877193,FG
LIFFORD-STRANORLAR,"* MCBREARTY, FRANK",M,0.10517543859649123,NON-P
LIFFORD-STRANORLAR,"McConnell, Niall",M,0.07719298245614035,NON-P
LIFFORD-STRANORLAR,"McDaid, Rebecca",F,0.03807017543859649,ANT
LIFFORD-STRANORLAR,"McDaid, Tony",M,0.05482456140350877,SF
LIFFORD-STRANORLAR,"* MCGOWAN, PATRICK",M,0.10271929824561403,FF
LIFFORD-STRANORLAR,"NIC MHEANMAN, DAKOTA",F,0.07359649122807017,SF
LIFFORD-STRANORLAR,"SCANLON, MARTIN",M,0.12368421052631579,NON-P
LIFFORD-STRANORLAR,"Ward, Charles",M,0.07719298245614035,100R
MILFORD,"* BLANEY, LIAM",M,0.1899149453219927,FF
MILFORD,"Bradley, Vincent J",M,0.01761846901579587,NON-P
MILFORD,"Deeney, Kathleen",F,0.01603888213851762,ANT
MILFORD,"Doherty, Maria",F,0.1134872417982989,SF
MILFORD,"Jackson, Éamonn",M,0.06099635479951397,100R
MILFORD,"* MCGARVEY, PAURIC",M,0.16901579586877277,NON-P
MILFORD,"MEEHAN, DECLAN",M,0.21130012150668287,NON-P
MILFORD,"* O Donnell, John",M,0.1608748481166464,NON-P
MILFORD,"Sweeney, Aaron",M,0.060753341433778855,FG
ARTANE-WHITEHALL,"* BATTEN, RACHEAL",F,0.08134893324156917,FF
ARTANE-WHITEHALL,"* Butler, Dearbháil",F,0.06132140399174123,GRN
ARTANE-WHITEHALL,"Coyle, Kevin",M,0.07508602890571232,NON-P
ARTANE-WHITEHALL,"Croft, Ian",M,0.04432209222298692,NON-P
ARTANE-WHITEHALL,"Croft, Rowan",M,0.033172746042670335,NON-P
ARTANE-WHITEHALL,"* FLANAGAN, DECLAN",M,0.08891947694425327,FG
ARTANE-WHITEHALL,"HENRY, JESSLYN",F,0.08196834136269787,SD
ARTANE-WHITEHALL,"Keegan, Andrew",M,0.018169304886441844,PBP
ARTANE-WHITEHALL,"* LYONS, JOHN",M,0.09394356503785271,NON-P
ARTANE-WHITEHALL,"Mahon, Aoibheann",F,0.06200963523743978,FF
ARTANE-WHITEHALL,"Mattathil Mathew, Linkwinstar",M,0.05560908465244322,FG
ARTANE-WHITEHALL,"MORAN, EDEL",F,0.06655196145905024,SF
ARTANE-WHITEHALL,"Nisbet, John",M,0.03358568479008947,LAB
ARTANE-WHITEHALL,"O'Rourke, Josh",M,0.016930488644184446,SF
ARTANE-WHITEHALL,"* O'Toole, Larry",M,0.06607019958706126,SF
ARTANE-WHITEHALL,"SILKE, AISHLING",F,0.07763248451479697,SD
ARTANE-WHITEHALL,"Sloan, Olive",F,0.043358568479008944,SF
BALLYFERMOT-DRIMNAGH,"CUNNINGHAM, RAY",M,0.07984048181004313,GRN
BALLYFERMOT-DRIMNAGH,"Dempsey, Patrick",M,0.04484414421746562,LAB
BALLYFERMOT-DRIMNAGH,"* DE NORTUÍN, HAZEL",F,0.1061284284202816,PBP
BALLYFERMOT-DRIMNAGH,"* De Róiste, Daithí",M,0.07642223488239602,FF
BALLYFERMOT-DRIMNAGH,"Dingle, Paddy",M,0.046960201839342394,FG
BALLYFERMOT-DRIMNAGH,"* DOOLAN, DAITHÍ",M,0.15048425164808335,SF
BALLYFERMOT-DRIMNAGH,"* JACKSON, VINCENT",M,0.12590542850166844,NON-P
BALLYFERMOT-DRIMNAGH,"Mongey, Niamh",F,0.043216407585252706,SD
BALLYFERMOT-DRIMNAGH,"Murray, Richard",M,0.04419304956458045,NON-P
BALLYFERMOT-DRIMNAGH,"* Nicoullaud, Sophie",F,0.06942296736388053,RTC
BALLYFERMOT-DRIMNAGH,"Nzema Nkoy, Mamy",F,0.033205827297143324,SF
BALLYFERMOT-DRIMNAGH,"Sheldreck, Ronda",F,0.0038251810857003335,NON-P
BALLYFERMOT-DRIMNAGH,"SUTCLIFFE, PHILIP",M,0.06681858875233987,INDI
BALLYFERMOT-DRIMNAGH,"Ward, Barry",M,0.05355253519980467,IFP
BALLYFERMOT-DRIMNAGH,"Webster, Dolores",F,0.05518027183201758,NON-P
BALLYMUN-FINGLAS,"Bradley, Leon",M,0.05373663145462896,NON-P
BALLYMUN-FINGLAS,"* CALLAGHAN, MARY",F,0.07716029131946722,SD
BALLYMUN-FINGLAS,"* CONNAGHAN, ANTHONY",M,0.09369463945935307,SF
BALLYMUN-FINGLAS,"* CONNOLLY, KEITH",M,0.13398070992717012,FF
BALLYMUN-FINGLAS,"* Conroy, Caroline",F,0.058263893445311986,GRN
BALLYMUN-FINGLAS,"Dowling, Mick",M,0.04815956958204842,SF
BALLYMUN-FINGLAS,"Gallagher, Jeff",M,0.016796798110360212,NON-P
BALLYMUN-FINGLAS,"Guo, Arnold",M,0.03615248343284561,FG
BALLYMUN-FINGLAS,"KANE, LESLIE",F,0.06882750475690572,SF
BALLYMUN-FINGLAS,"Lonergan, John",M,0.03123154648645102,LAB
BALLYMUN-FINGLAS,"Mac Dubhghlais, Diarmuid",M,0.045928744833016205,NON-P
BALLYMUN-FINGLAS,"Mac Manus, Edward",M,0.06246309297290204,ANT
BALLYMUN-FINGLAS,"* Mac Oscar, Briege",F,0.056754806115084315,FF
BALLYMUN-FINGLAS,"PEPPER, GAVIN",M,0.0738796666885375,NON-P
BALLYMUN-FINGLAS,"REDDY, CONOR",M,0.08195000328062463,PBP
BALLYMUN-FINGLAS,"Redmond, Stephen",M,0.06101961813529296,TNP
CABRA-GLASNEVIN,"Atkinson, Calum",M,0.04054212626144098,SF
CABRA-GLASNEVIN,"Boyle-Shafer, Angela",F,0.036376437455996245,LAB
CABRA-GLASNEVIN,"Farrell, Amy",F,0.04077681295470547,SF
CABRA-GLASNEVIN,"Greene, Garrett",M,0.018833607134475475,TWP
CABRA-GLASNEVIN,"JOSE, FELJIN",M,0.10965735742783385,GRN
CABRA-GLASNEVIN,"* McCormack, Eimer",F,0.0464679652663694,FF
CABRA-GLASNEVIN,"* MCGRATTAN, SÉAMAS",M,0.06260267542830321,SF
CABRA-GLASNEVIN,"* Meenagh, Declan",M,0.05626613471016193,LAB
CABRA-GLASNEVIN,"Mulligan, Sarah Louise",F,0.009152781037315184,NON-P
CABRA-GLASNEVIN,"Murray, Jean",F,0.017777517014785263,TNP
CABRA-GLASNEVIN,"* O'DRISCOLL, CAT",F,0.07920675897676602,SD
CABRA-GLASNEVIN,"O Loughlin, Stephen",M,0.008742079324102323,NON-P
CABRA-GLASNEVIN,"* O'ROURKE, COLM",M,0.09305327387937104,FG
CABRA-GLASNEVIN,"Parsons, Mark Joseph",M,0.014433231635766252,TIP
CABRA-GLASNEVIN,"* PERRY, CIERAN",M,0.1042008918094344,NON-P
CABRA-GLASNEVIN,"RALPH, GAYLE",F,0.09099976531330674,FG
CABRA-GLASNEVIN,"Seale, Léna",F,0.027693029805210045,PBP
CABRA-GLASNEVIN,"Smyth, Ian Noel",M,0.03221074865055151,ANT
CABRA-GLASNEVIN,"STEPHENS, JOHN",M,0.07832668387702417,FF
CABRA-GLASNEVIN,"Treacy, Natalie",F,0.025287491199249,SF
CABRA-GLASNEVIN,"Whyte, Martina",F,0.007392630837831495,NON-P
CLONTARF,"Burke, Michael",M,0.04544772761361932,NON-P
CLONTARF,"* COONEY, DONNA",F,0.08524573771311435,GRN
CLONTARF,"Dunne, Ray",M,0.037048147592620366,FF
CLONTARF,"FIELD, ALISON",F,0.08424578771061447,LAB
CLONTARF,"HENEGHAN, BARRY",M,0.12259387030648468,NON-P
CLONTARF,"* HENEY, DEIRDRE",F,0.1631418429078546,FF
CLONTARF,"Moloney, Paddy",M,0.044047797610119496,SF
CLONTARF,"Morris, James",M,0.04919754012299385,ANT
CLONTARF,"Mulvany, Bernard",M,0.056597170141492924,PBP
CLONTARF,"Ní Bhroin, Alyssa",F,0.02704864756762162,SF
CLONTARF,"* Ó MUIRÍ, NAOISE",M,0.17594120293985302,FG
CLONTARF,"* STOCKER, CATHERINE",F,0.10944452777361131,SD
DONAGHMEDE,"* BARRON, DARYL",M,0.1107043490994289,FF
DONAGHMEDE,"* BRABAZON, TOM",M,0.20200615024161664,FF
DONAGHMEDE,"Burke, Michael",M,0.06670083467564797,NON-P
DONAGHMEDE,"* Flanagan, Terence",M,0.06875091521452628,FG
DONAGHMEDE,"Folan, Shane",M,0.06904378386293747,LAB
DONAGHMEDE,"Geoghegan, Donnacha",M,0.026284961194904085,GRN
DONAGHMEDE,"Kearns, Tamara",F,0.049421584419387904,SF
DONAGHMEDE,"* MAC DONNCHA, MÍCHEÁL",M,0.07263142480597452,SF
DONAGHMEDE,"Mac Millan, Peadar",M,0.034119197539903355,TIP
DONAGHMEDE,"McCormack, Clara",F,0.031190511055791476,PBP
DONAGHMEDE,"MONAHAN, PADDY",M,0.1015522038365793,SD
DONAGHMEDE,"Ó Conaráin, Proinsias",M,0.045174989017425685,ANT
DONAGHMEDE,"O'Moore, Clodagh",F,0.046566115097378825,SF
DONAGHMEDE,"SINGH, SUPRIYA",F,0.07585297993849759,FG
KIMMAGE-RATHMINES,"* CONNELLY, FIONA",F,0.10911610532023859,LAB
KIMMAGE-RATHMINES,"Connolly, Michael",M,0.06308368982346207,FF
KIMMAGE-RATHMINES,"* Conroy, Deirdre",F,0.0315117189853588,FF
KIMMAGE-RATHMINES,"Deignan, Jacinta",F,0.053925408206302344,SF
KIMMAGE-RATHMINES,"Dooley, Peter",M,0.05344339338434657,NON-P
KIMMAGE-RATHMINES,"Dowling, Martin",M,0.0026510815207567632,NON-P
KIMMAGE-RATHMINES,"* DUNNE, PAT",M,0.1076098090016268,RTC
KIMMAGE-RATHMINES,"HAYES, EOIN",M,0.09953606073386756,SD
KIMMAGE-RATHMINES,"KINSELLA, PATRICK",M,0.09278785322648671,FG
KIMMAGE-RATHMINES,"L'Estrange, Shay",M,0.04283906730131951,PBP
KIMMAGE-RATHMINES,"* MOORE, CAROLYN",F,0.12207025366030005,GRN
KIMMAGE-RATHMINES,"Ó Meachair, Ciarán",M,0.04085075616075194,SF
KIMMAGE-RATHMINES,"RANE, PUNAM",F,0.11068265349159487,FG
KIMMAGE-RATHMINES,"Shanahan, Edmund",M,0.018617822498041815,TIP
KIMMAGE-RATHMINES,"Sutcliffe, Philip",M,0.05127432668554558,INDI
NORTH INNER CITY,"Benicio, Caio",M,0.031652989449003514,FF
NORTH INNER CITY,"* BOYLAN, JANICE",F,0.08235638921453693,SF
NORTH INNER CITY,"* BURKE, CHRISTY",M,0.09974599452911294,NON-P
NORTH INNER CITY,"Connolly, Anne-Marie",F,0.01787807737397421,FF
NORTH INNER CITY,"ENNIS, DANIEL",M,0.0651621727237202,SD
NORTH INNER CITY,"Garrigan, Brian",M,0.0076201641266119575,NON-P
NORTH INNER CITY,"Hallissey, Declan",M,0.026865963266901133,SF
NORTH INNER CITY,"* HORNER, JANET",F,0.09515435717076984,GRN
NORTH INNER CITY,"* MCADAM, RAY",M,0.11166471277842907,FG
NORTH INNER CITY,"Molloy, Geraldine",F,0.03008987885892927,NON-P
NORTH INNER CITY,"O'Callaghan, Darryl",M,0.05226651035560766,NON-P
NORTH INNER CITY,"Ó Ceannabháin, Eoghan",M,0.08548261039468542,PBP
NORTH INNER CITY,"O'Connor, Tom",M,0.03057835091832747,LAB
NORTH INNER CITY,"O'Doherty, Ellen",F,0.05265728800312622,SD
NORTH INNER CITY,"Oliveira-Da Silva, Isabel",F,0.006447831184056272,FF
NORTH INNER CITY,"* RING, NIAL",M,0.08343102774521298,NON-P
NORTH INNER CITY,"Shevlin, ANThony",M,0.0027354435326299334,NON-P
NORTH INNER CITY,"STEENSON, MALACHY",M,0.08939038686987104,NON-P
NORTH INNER CITY,"Whelan, Alan",M,0.028819851504493944,SF
PEMBROKE,"BLAIN, EMMA",F,0.1534115229860457,FG
PEMBROKE,"* CHU, HAZEL",F,0.1689067716805068,GRN
PEMBROKE,"* GEOGHEGAN, JAMES",M,0.19921239619895556,FG
PEMBROKE,"Hinkson-Deeney, Karen",F,0.0625802585395086,SD
PEMBROKE,"HOGAN, RORY",M,0.10076192106840168,FF
PEMBROKE,"* LACEY, DERMOT",M,0.1647975344576663,LAB
PEMBROKE,"Martin, Mary",F,0.03509973461176269,PBP
PEMBROKE,"Martin, Robert",M,0.0327882886739149,SF
PEMBROKE,"O'Shea Farren, Linda",F,0.05727249379333961,NON-P
PEMBROKE,"Rafferty, Conor P",M,0.025169077989898127,TIP
SOUTH EAST INNER CITY,"Birch, Jeanette",F,0.013480055020632738,NON-P
SOUTH EAST INNER CITY,"* BYRNE, CLAIRE",F,0.15048143053645116,GRN
SOUTH EAST INNER CITY,"* BYRNE, DANNY",M,0.10261348005502063,FG
SOUTH EAST INNER CITY,"* Céitinn, Dan",M,0.07056396148555709,SF
SOUTH EAST INNER CITY,"Coyne, Pat",M,0.004264099037138927,NON-P
SOUTH EAST INNER CITY,"DelehANTy, Nick",M,0.05144429160935351,NON-P
SOUTH EAST INNER CITY,"FARRELL, CIAN",M,0.08431911966987621,SD
SOUTH EAST INNER CITY,"* FLYNN, MANNIX",M,0.07152682255845942,NON-P
SOUTH EAST INNER CITY,"Hastings, Nathan",M,0.012104539202200825,NON-P
SOUTH EAST INNER CITY,"Healy, Alan",M,0.05392022008253095,ANT
SOUTH EAST INNER CITY,"KENNY, KOURTNEY",F,0.06850068775790921,SF
SOUTH EAST INNER CITY,"McGuinness, Eddie",M,0.05281980742778542,LAB
SOUTH EAST INNER CITY,"Mooney, Ryan",M,0.0484181568088033,SF
SOUTH EAST INNER CITY,"Purcell, Brigid",F,0.07235213204951857,PBP
SOUTH EAST INNER CITY,"Reynolds, Carol",F,0.0656121045392022,LAB
SOUTH EAST INNER CITY,"Rodgers, Francis",M,0.006464924346629986,NON-P
SOUTH EAST INNER CITY,"Watson, Elizabeth",F,0.07111416781292985,FF
SOUTH WEST INNER CITY,"Aherne, Gina",F,0.028770916094859756,TIP
SOUTH WEST INNER CITY,"ALI, AMMAR",M,0.10352714578066691,FF
SOUTH WEST INNER CITY,"Augusta, David",M,0.03683640303358613,SF
SOUTH WEST INNER CITY,"Considine, Aisling",F,0.03755868544600939,ANT
SOUTH WEST INNER CITY,"Coyne, Pat",M,0.004092933670398459,NON-P
SOUTH WEST INNER CITY,"CUMMINS, JEN",F,0.10870350306970025,SD
SOUTH WEST INNER CITY,"* Daly, Kelsey May",F,0.07114481762369086,PBP
SOUTH WEST INNER CITY,"* DEVINE, MÁIRE",F,0.05501384374623811,SF
SOUTH WEST INNER CITY,"Farrell, Damien",M,0.08234019501625135,NON-P
SOUTH WEST INNER CITY,"McSweeney, Catherine",F,0.03262308896111713,NON-P
SOUTH WEST INNER CITY,"* MORIARTY, DARRAGH",M,0.12242686890574214,LAB
SOUTH WEST INNER CITY,"Nunoo, Ian",M,0.04959672565306368,FG
SOUTH WEST INNER CITY,"Obeimhen, Zoe",F,0.023233417599614784,NON-P
SOUTH WEST INNER CITY,"O'Flanagan, Michael",M,0.023714939207896954,NON-P
SOUTH WEST INNER CITY,"* PIDGEON, MICHAEL",M,0.19188636090044542,GRN
SOUTH WEST INNER CITY,"Reid, Darragh",M,0.02853015529071867,SF
BLACKROCK,"* BAKER, MARIE",F,0.2502465483234714,FG
BLACKROCK,"Bigley, Lydia",F,0.05185733070348455,SD
BLACKROCK,"CARSON, DAN",M,0.06623931623931624,FG
BLACKROCK,"Chacko Jacob, Reji",M,0.024572649572649572,NON-P
BLACKROCK,"* CLARK, MICHAEL,",M,0.09179815910585142,FF
BLACKROCK,"* DOCKRELL, MAURICE",M,0.07700525969756739,FG
BLACKROCK,"DOWLING, CONOR",M,0.09820841551610783,GRN
BLACKROCK,"Duignan, Helen",F,0.040105193951347796,ANT
BLACKROCK,"* FANNING, MARTHA",F,0.07495069033530571,LAB
BLACKROCK,"Lucey, Cormac",M,0.07429322813938198,NON-P
BLACKROCK,"Mac Aonghusa, Cian",M,0.04700854700854701,PBP
BLACKROCK,"Nic Ráillaigh, Callie",F,0.030736357659434582,SF
BLACKROCK,"Reynolds, Michael",M,0.05802103879026956,FF
BLACKROCK,"Roe, Jonathan",M,0.014957264957264958,NON-P
DUN LAOGHAIRE,"Degani, Orli",F,0.03802354757768771,NON-P
DUN LAOGHAIRE,"DURKAN, JP",M,0.10229685388921057,FG
DUN LAOGHAIRE,"* FAYNE, MARY",F,0.0992729846233031,FG
DUN LAOGHAIRE,"* HALL, LORRAINE",F,0.12455767869780608,FG
DUN LAOGHAIRE,"* HALPIN, MELISA",F,0.10088142572219005,PBP
DUN LAOGHAIRE,"JOSEPH, THOMAS",M,0.08100109373994724,LAB
DUN LAOGHAIRE,"Kelly, Sara",F,0.00900727015376697,NON-P
DUN LAOGHAIRE,"* KIVLEHAN, TOM",M,0.11252653927813164,GRN
DUN LAOGHAIRE,"Lynch, Cathy",F,0.017306826224023675,NON-P
DUN LAOGHAIRE,"Mills, Hugo",M,0.05790387955993052,SD
DUN LAOGHAIRE,"* MOYLAN, JUSTIN",M,0.08801389693109438,FF
DUN LAOGHAIRE,"O'Brien, Shane",M,0.060284372386283216,SF
DUN LAOGHAIRE,"O'Sullivan, Colette",F,0.04477900019301293,FF
DUN LAOGHAIRE,"Tóibín, Máiréad",F,0.06414463102361191,ANT
DUNDRUM,"* BRENNAN, SHAY",M,0.11264062609181748,FF
DUNDRUM,"* COLGAN, ANNE",F,0.06184054224023478,NON-P
DUNDRUM,"Coughlan, Liam",M,0.06736077143456083,ANT
DUNDRUM,"Gerrard, Rachel",F,0.040248759695339247,SF
DUNDRUM,"* GRAINGER, ANNA",F,0.08224442736356649,FG
DUNDRUM,"JONES, ROBERT",M,0.08392145901753896,GRN
DUNDRUM,"* MC LOUGHLIN, SEAN",M,0.1614142966948501,NON-P
DUNDRUM,"Murray, Fiona",F,0.014184892739850465,FF
DUNDRUM,"Ní Dhubhgaill, Síle",F,0.060233386905177835,SD
DUNDRUM,"* O'BRIEN, PETER",M,0.08923205925511844,LAB
DUNDRUM,"O'Driscoll, Eoin",M,0.05443365243518972,FG
DUNDRUM,"* O'LEARY, JIM",M,0.13535042973936134,FG
DUNDRUM,"Rafferty, Conor P.",M,0.014254769058765984,TIP
DUNDRUM,"Young, Cuán",M,0.022639927328628327,SF
KILLINEY-SHANKILL,"BURKE, JACQUELINE",F,0.09355446664153788,FG
KILLINEY-SHANKILL,"Byrne, Lesley",F,0.051715039577836415,SD
KILLINEY-SHANKILL,"* GILDEA, JIM",M,0.12099509988692046,FG
KILLINEY-SHANKILL,"Hennessy, Tracey",F,0.025932906143987938,NON-P
KILLINEY-SHANKILL,"Kearney, James",M,0.029626837542404826,LAB
KILLINEY-SHANKILL,"Kennedy, Roland",M,0.06762156049754994,SF
KILLINEY-SHANKILL,"* LEWIS, HUGH",M,0.09506219374293252,NON-P
KILLINEY-SHANKILL,"* MCNAMARA, FRANK",M,0.11963814549566529,FG
KILLINEY-SHANKILL,"Moylan, SallyAnn",F,0.06513381078024877,FF
KILLINEY-SHANKILL,"Muldoon, Susan",F,0.004372408594044478,NON-P
KILLINEY-SHANKILL,"O'Doherty, Michael",M,0.015680361854504336,NON-P
KILLINEY-SHANKILL,"O'KEEFFE, DAVE",M,0.054655107425555974,PBP
KILLINEY-SHANKILL,"Power, Fergus",M,0.049001130795326045,NON-P
KILLINEY-SHANKILL,"* SMYTH, CARRIE",F,0.13418771202412363,LAB
KILLINEY-SHANKILL,"* TUITE, LAUREN",F,0.07282321899736148,GRN
SANDYFORD-GLENCULLEN,"* AHMED, KAZI",M,0.07204070701660417,FG
SANDYFORD-GLENCULLEN,"DALY, KEVIN",M,0.03660060703445813,NON-P
SANDYFORD-GLENCULLEN,"DARGAN, PIERCE",M,0.09382253169076951,FG
SANDYFORD-GLENCULLEN,"Dunne, Elaine",F,0.04276022138903767,FF
SANDYFORD-GLENCULLEN,"* FLEMING, MICHAEL",M,0.3291376539903589,NON-P
SANDYFORD-GLENCULLEN,"* MCCARTHY, LETTIE",F,0.16684520621317622,LAB
SANDYFORD-GLENCULLEN,"* MURPHY, TOM",M,0.055615068737725405,FF
SANDYFORD-GLENCULLEN,"Murtagh, Aoife",F,0.03383324406356008,SD
SANDYFORD-GLENCULLEN,"* O'CONNOR, OISÍN",M,0.10176754151044456,GRN
SANDYFORD-GLENCULLEN,"Panicker, Kumar Roopesh",M,0.015532940546331012,NON-P
SANDYFORD-GLENCULLEN,"Spiteri, Amanda",F,0.017407605784681306,SF
SANDYFORD-GLENCULLEN,"Tracey, Shaun",M,0.03463667202285306,SF
STILLORGAN,"Connolly, Eliza",F,0.04456480425693653,NON-P
STILLORGAN,"* DOCKERY, LIAM",M,0.10433295324971494,FF
STILLORGAN,"* Donnelly, Deirdre",F,0.06632459141011023,NON-P
STILLORGAN,"* DOWLING, EVA ELIZABETH",F,0.10262257696693272,GRN
STILLORGAN,"Fozzard, Rebekah",F,0.02888635499809958,LAB
STILLORGAN,"HURLEY, JOHN",M,0.080672748004561,SD
STILLORGAN,"* KENNEDY, JOHN",M,0.10233751425313568,FG
STILLORGAN,"Nic Cormaic, Sorcha",F,0.026320790573926264,SF
STILLORGAN,"* O'CONNELL, MAEVE",F,0.18120486507031547,FG
STILLORGAN,"O'Neill, Emer Catherine",F,0.015203344735841885,FF
STILLORGAN,"* SAUL, BARRY",M,0.24752945648042568,FG
BALBRIGGAN,"Brady, Anne Marie",F,0.06150217706821481,SF
BALBRIGGAN,"Brennan, Sinéad Lucey",F,0.07411103047895501,FF
BALBRIGGAN,"Edwards, Bryn",M,0.03927793904208998,PBP
BALBRIGGAN,"Laska, Aneta",F,0.0020863570391872277,NON-P
BALBRIGGAN,"* MAGUIRE, GRÁINNE",F,0.1204644412191582,NON-P
BALBRIGGAN,"McLoughlin, Derek",M,0.012155297532656022,NON-P
BALBRIGGAN,"* MURPHY, TONY",M,0.19484760522496372,NON-P
BALBRIGGAN,"Oakes, John",M,0.029299709724238027,IFP
BALBRIGGAN,"* O'LEARY, TOM",M,0.13071480406386066,FG
BALBRIGGAN,"* Power, Karen",F,0.09633526850507983,GRN
BALBRIGGAN,"QUINN, MALACHY",M,0.07293178519593614,SF
BALBRIGGAN,"* RYAN, BRENDAN",M,0.1446843251088534,LAB
BALBRIGGAN,"Uwhumiakpor, Oghenetano John",M,0.021589259796806967,NON-P
BLANCHARDSTOWN-MULHUDDART LEA - FINGAL CO. CO.,"Bissett, Damien",M,0.06554977228366948,SF
BLANCHARDSTOWN-MULHUDDART LEA - FINGAL CO. CO.,"* BURTCHAELL, JOHN",M,0.07774886141834743,PBP
BLANCHARDSTOWN-MULHUDDART LEA - FINGAL CO. CO.,"Chakerwarti, Shashank",M,0.026350032530904358,NON-P
BLANCHARDSTOWN-MULHUDDART LEA - FINGAL CO. CO.,"Delaney, Suzanne",F,0.0631099544567339,NON-P
BLANCHARDSTOWN-MULHUDDART LEA - FINGAL CO. CO.,"Dowling, Neil",M,0.05936890045543266,SD
BLANCHARDSTOWN-MULHUDDART LEA - FINGAL CO. CO.,"* HANAPHY, BREDA",F,0.0850683148991542,SF
BLANCHARDSTOWN-MULHUDDART LEA - FINGAL CO. CO.,"Heasman, Andy",M,0.022608978529603124,TIP
BLANCHARDSTOWN-MULHUDDART LEA - FINGAL CO. CO.,"Kavanagh, Louise",F,0.05091086532205595,SF
BLANCHARDSTOWN-MULHUDDART LEA - FINGAL CO. CO.,"Loughlin, Robbie",M,0.07595966167859466,ANT
BLANCHARDSTOWN-MULHUDDART LEA - FINGAL CO. CO.,"* MCCAMLEY, MARY",F,0.11141834743005856,LAB
BLANCHARDSTOWN-MULHUDDART LEA - FINGAL CO. CO.,"Nolan, Lorna",F,0.07108002602472349,FF
BLANCHARDSTOWN-MULHUDDART LEA - FINGAL CO. CO.,"Ó hAlmhain, Oisín",M,0.015452179570592063,GRN
BLANCHARDSTOWN-MULHUDDART LEA - FINGAL CO. CO.,"* ONWUMEREH, JK",M,0.10816525699414443,FF
BLANCHARDSTOWN-MULHUDDART LEA - FINGAL CO. CO.,"* O'Reilly, Steve",M,0.09303838646714378,FG
BLANCHARDSTOWN-MULHUDDART LEA - FINGAL CO. CO.,"QUINLAN, PATRICK",M,0.0741704619388419,TNP
CASTLEKNOCK,"CARBONE-MANGAN, EIMEAR",F,0.0802438505706387,FF
CASTLEKNOCK,"* Conroy, Pamela",F,0.07195009569717162,GRN
CASTLEKNOCK,"COPPINGER, RUTH",F,0.11008719075636209,PBP
CASTLEKNOCK,"Daly, Luke",M,0.03679024597717445,SD
CASTLEKNOCK,"* LEDDY, TED",M,0.1526192670305522,FG
CASTLEKNOCK,"Lynam, Phil",M,0.0790387750762033,SF
CASTLEKNOCK,"* Mahony, Howard",M,0.07925143545757425,FF
CASTLEKNOCK,"* SHOVLIN, SIOBHAN",F,0.1340469270574892,FG
CASTLEKNOCK,"TROY, ELLEN",F,0.11866449280499043,ANT
CASTLEKNOCK,"* WALSH, JOHN",M,0.13730771957184376,LAB
HOWTH,"Bailey, Tara",F,0.04570445092508486,SF
HOWTH,"Doherty, Kevin",M,0.015824449012764738,SF
HOWTH,"Donnellan, Margaret",F,0.05402304345747478,NON-P
HOWTH,"* GUERIN, JIMMY",M,0.08103456518621217,NON-P
HOWTH,"HAUGHEY, CATHAL",M,0.10804608691494956,FF
HOWTH,"* HEALY, DAVID",M,0.0760625328680021,GRN
HOWTH,"* HOPKINS, JOAN",F,0.1564277860113783,SD
HOWTH,"Kannan, Vedh",M,0.003824640244776976,NON-P
HOWTH,"* Lavin, Anthony",M,0.08447674140651144,FG
HOWTH,"* MCDONAGH, BRIAN",M,0.10106611846823159,LAB
HOWTH,"McGlue, Jamie",M,0.012095424774107185,NON-P
HOWTH,"Mc Govern, Margaret",F,0.042835970741502125,ANT
HOWTH,"Ndlovu Motesta, Rachel Raesetja",F,0.00239040015298561,NON-P
HOWTH,"* O'BRIEN, EOGHAN",M,0.10226131854472438,FF
HOWTH,"* TORMEY, AOIBHINN",F,0.11392647129129416,FG
ONGAR,"Ali, Asad",M,0.07484504736288153,FF
ONGAR,"Cairns, Declan",M,0.03835808677347679,SF
ONGAR,"* DENNISON, KIERAN",M,0.10057303239387207,FG
ONGAR,"* DONNELLY, ANGELA",F,0.1305110513390247,SF
ONGAR,"Doyle, Andrew",M,0.009238685533855689,PBP
ONGAR,"* DOYLE, TANIA",F,0.24055666003976142,NON-P
ONGAR,"Fitzsimons, Paul",M,0.04993568003742253,IFP
ONGAR,"* Griffin, Michelle",F,0.023739913460413986,GRN
ONGAR,"Khisa, Nekesa Nancy",F,0.018711261840720382,LAB
ONGAR,"* KITT, TOM",M,0.0976493977312595,FF
ONGAR,"Murphy, Ellen",F,0.046544263828791954,SD
ONGAR,"O'Donoghue, Niall",M,0.029938018945152613,SF
ONGAR,"Relihan, Kate",F,0.043269793006665884,PBP
ONGAR,"SHEEHAN, GERARD",M,0.09612910770670097,ANT
RUSH,"* BOLAND, CATHAL",M,0.11419475961146029,NON-P
RUSH,"* Dennehy, Brian",M,0.09280875030609746,FF
RUSH,"DOCKRELL, EOGHAN",M,0.11321524773487879,FG
RUSH,"* Henchy, Adrian",M,0.07387152069218839,FF
RUSH,"JOHNSTON, CORINA",F,0.140070198351155,LAB
RUSH,"Laska, Aneta",F,0.008733980899518407,NON-P
RUSH,"* MULVILLE, PAUL",M,0.08782956493347482,SD
RUSH,"O Connell, Fergal",M,0.022202269202514082,NON-P
RUSH,"* O'DONOGHUE, ROBERT",M,0.25997877724267404,LAB
RUSH,"Roche, Patrick",M,0.0609746143171986,SF
RUSH,"Young, Suzanne",F,0.026120316708840095,GRN
SWORDS,"BUCKLEY, MARIAN",F,0.06715962799207197,SF
SWORDS,"* BUTLER, DARRAGH",M,0.13302332672663517,FF
SWORDS,"* Carey, Ian",M,0.06464400060984907,GRN
SWORDS,"CORKERY, LUKE",M,0.12517152004878793,FG
SWORDS,"* Graves, Ann",F,0.06418661381308126,SF
SWORDS,"* HUMPHREYS, JAMES",M,0.06731209025766123,LAB
SWORDS,"KELLY, DARREN JACK",M,0.08972404329928342,NON-P
SWORDS,"Linnane, Conor",M,0.02454642475987193,SF
SWORDS,"* Manton, Brigid",F,0.06807440158560757,FF
SWORDS,"* MULLIGAN, DEAN",M,0.15246226558926665,I4C
SWORDS,"* NEWMAN, JOE",M,0.10420795853026375,NON-P
SWORDS,"Power, Ollie",M,0.031559688976978195,PBP
SWORDS,"Wright, Bernadette",F,0.007928037810641867,NON-P
GALWAY CITY CENTRAL,"COMER, Sean",M,0.010386536944517487,TIP
GALWAY CITY CENTRAL,"* CUBBARD, MIKE",M,0.1953720746778859,NON-P
GALWAY CITY CENTRAL,"CUMMINS, Mary",F,0.022219300552195634,IFP
GALWAY CITY CENTRAL,"CURRAN, Adrian",M,0.03996844596371286,PBP
GALWAY CITY CENTRAL,"D'ARCY, MARGARETTa",F,0.02300815145937418,NON-P
GALWAY CITY CENTRAL,"* FAHY, FRANK",M,0.11596108335524585,FG
GALWAY CITY CENTRAL,"FEENEY, PATRICk",M,0.001051801209571391,NON-P
GALWAY CITY CENTRAL,"FORDE, JOSIE",F,0.09623981067578227,FF
GALWAY CITY CENTRAL,"* HOARE, EDDIE",M,0.16855114383381542,FG
GALWAY CITY CENTRAL,"LENIHAN, PÁDRAIg",M,0.04036287141730213,ANT
GALWAY CITY CENTRAL,"LOHAN, MARk",M,0.06547462529581909,SF
GALWAY CITY CENTRAL,"MCDONAGH, JOHN",M,0.08453852221930055,LAB
GALWAY CITY CENTRAL,"* O'CONNOR, MARTINa",F,0.041940573231659214,GRN
GALWAY CITY CENTRAL,"O'FLAHERTY, DARa",M,0.00644228240862477,NON-P
GALWAY CITY CENTRAL,"RIDGE, SHAUNa",F,0.01288456481724954,INDI
GALWAY CITY CENTRAL,"SEOIGHTHE, EIBHLÍN",F,0.07559821193794374,SD
GALWAY CITY EAST,"BURKE, AISLING",F,0.07799025121859768,SF
GALWAY CITY EAST,"BURKE, CONOr",M,0.016122984626921636,PBP
GALWAY CITY EAST,"* CHEEVERS, ALAN",M,0.1288588926384202,FF
GALWAY CITY EAST,"CORCORÁIN, CORMAc Ó",M,0.019247594050743656,ANT
GALWAY CITY EAST,"* CROWE, MICHAEL JOHn",M,0.09198850143732033,FF
GALWAY CITY EAST,"DELANEY HEASLIP, JUSTINe",F,0.03787026621672291,SD
GALWAY CITY EAST,"DOWD, CONOr",M,0.007249093863267091,NON-P
GALWAY CITY EAST,"FEENEY, SUSAn",F,0.01412323459567554,IFP
GALWAY CITY EAST,"FORDE, SHANE",M,0.0831146106736658,FG
GALWAY CITY EAST,"GIBBONS, JACINTa",F,0.015873015873015872,TIP
GALWAY CITY EAST,"KEOGH, AISLINg",F,0.04149481314835646,FG
GALWAY CITY EAST,"* LARKIN, NOEl",M,0.051618547681539804,INDI
GALWAY CITY EAST,"LYNCH, DAVId",M,0.008748906386701663,NON-P
GALWAY CITY EAST,"MATHIAS, JOYCe",F,0.03587051618547681,GRN
GALWAY CITY EAST,"* MCDONNELL, DECLAN",M,0.12610923634545682,NON-P
GALWAY CITY EAST,"* O'FLAHERTY, TERRY",F,0.1144856892888389,NON-P
GALWAY CITY EAST,"OGBU, HELEN",F,0.07311586051743532,LAB
GALWAY CITY EAST,"ROOKE, DENMAn",M,0.010873640794900637,PBP
GALWAY CITY EAST,"TULLY, MICHAEl",M,0.043994500687414076,NON-P
GALWAY CITY EAST,"WOZNIAK, ARKADIUSz",M,0.001249843769528809,NON-P
GALWAY CITY WEST,"CAHILL, A.j.",M,0.026180404710186348,TIP
GALWAY CITY WEST,"CHOWDHURY, ASRAf",M,0.031096375900308677,FG
GALWAY CITY WEST,"CONCHÚIR, CATHAl Ó",M,0.0396707442551732,SF
GALWAY CITY WEST,"* CONNOLLY, JOHN",M,0.11215273808162798,FF
GALWAY CITY WEST,"* CURRAN, ALAN",M,0.1010632216760032,SD
GALWAY CITY WEST,"DEERY, KENNy",M,0.04572996455927747,NON-P
GALWAY CITY WEST,"FEENEY, JARLATh",M,0.03955641934377501,NON-P
GALWAY CITY WEST,"* HIGGINS, CLODAGH",F,0.12278495484166,FG
GALWAY CITY WEST,"* KEANE, PETER",M,0.08780153195381274,FF
GALWAY CITY WEST,"* LYONS, DONAL",M,0.16176974962844404,NON-P
GALWAY CITY WEST,"MCMASTER, MAISIe",F,0.021721733165656797,PBP
GALWAY CITY WEST,"* MCNELIS, NÍALL",M,0.07694066537098433,LAB
GALWAY CITY WEST,"* MURPHY, NIALl",M,0.0685949468389162,GRN
GALWAY CITY WEST,"NEALIS, DENIs",M,0.004458671544529553,NON-P
GALWAY CITY WEST,"Ó BEIRN, RORy",M,0.018520635646507373,IFP
GALWAY CITY WEST,"OSAYIMWEN, ESTHER OGHOMWENRIe",F,0.04195724248313708,NON-P
ATHENRY-ORANMORE,"Carr, Maria",F,0.016445932178722165,TIP
ATHENRY-ORANMORE,"* CHARITY, JAMES",M,0.11388444185708048,NON-P
ATHENRY-ORANMORE,"* COLLINS, DAVID",M,0.11541260369669626,FG
ATHENRY-ORANMORE,"* DOLAN, ALBERT",M,0.17413768010478825,FF
ATHENRY-ORANMORE,"FEENEY, PETER",M,0.08826953864066366,FG
ATHENRY-ORANMORE,"Gallagher, Eoghan",M,0.07407946441566002,FG
ATHENRY-ORANMORE,"GREALISH, TOMAS",M,0.13411439382913695,NON-P
ATHENRY-ORANMORE,"Hehir, Sean",M,0.021903653034492796,INDI
ATHENRY-ORANMORE,"* Herterich-Quinn, Shelly",F,0.05763353223693785,FF
ATHENRY-ORANMORE,"KEANE, CILLIAN",M,0.06818512589142774,FF
ATHENRY-ORANMORE,"Landy, Fergal",M,0.029762771066802505,LAB
ATHENRY-ORANMORE,"Madden, Eoin",M,0.033037403580264885,GRN
ATHENRY-ORANMORE,"O HARA, LOUIS",M,0.07313345946732644,SF
BALLINASLOE,"* CONNOLLY, DERMOT",M,0.14220220381243465,SF
BALLINASLOE,"* CONNOLLY, MICHAEL",M,0.19383897691627122,FF
BALLINASLOE,"* GERAGHTY, DECLAN",M,0.18193517252473257,INDI
BALLINASLOE,"HARNEY, ALAN",M,0.14348910158449288,FG
BALLINASLOE,"* KEAVENEY, PETER",M,0.12555296388643128,FG
BALLINASLOE,"Maher, Regan",M,0.018418724362583447,SF
BALLINASLOE,"Mannion, Andrew",M,0.02927692431432478,PBP
BALLINASLOE,"PARSONS, EVELYN",F,0.1652859325987292,NON-P
CONAMARA NORTH,"Breathnach, Críostóir",M,0.008423434749811415,NON-P
CONAMARA NORTH,"Conaire, Mánus Ó",M,0.11377923057581091,NON-P
CONAMARA NORTH,"Gleeson, Daniel",M,0.0311792808649736,GRN
CONAMARA NORTH,"Healy, Tom",M,0.0743022378677395,SF
CONAMARA NORTH,"* KING, GERRY",M,0.18041237113402062,FF
CONAMARA NORTH,"* MANNION, EILEEN",F,0.1791551420668846,FG
CONAMARA NORTH,"WALSH, SEAMUS",M,0.1917274327382449,INDI
CONAMARA NORTH,"* WELBY, THOMAS",M,0.22102087000251447,NON-P
CONAMARA SOUTH,"Breathnach, Criostóir",M,0.0033570701932858597,NON-P
CONAMARA SOUTH,"* Cualáin, Dáithi Ó",M,0.07772126144455747,FF
CONAMARA SOUTH,"Curran, Michael",M,0.04069175991861648,NON-P
CONAMARA SOUTH,"* CURRAOÍN Ó, TOMAS",M,0.09908443540183112,NON-P
CONAMARA SOUTH,"LEAINDE, MICHAEL",M,0.07202441505595117,INDI
CONAMARA SOUTH,"LEE, MÁIRTIN",M,0.08280773143438454,FF
CONAMARA SOUTH,"* MAC AN IOMAIRE, PADRAIG",M,0.1373346897253306,FG
CONAMARA SOUTH,"* McKinstry, Alastair",M,0.06337741607324517,GRN
CONAMARA SOUTH,"McMahon, Doran",M,0.012410986775178027,IFP
CONAMARA SOUTH,"O Brien, Sinead",F,0.04425228891149542,NON-P
CONAMARA SOUTH,"Ó Flatharta, PJ",M,0.043031536113936925,NON-P
CONAMARA SOUTH,"O Hara, Kevin",M,0.06744659206510682,SF
CONAMARA SOUTH,"Ó Tuairisg, Daragh",M,0.08646998982706001,FF
CONAMARA SOUTH,"Slevin, Geri",F,0.004374364191251271,NON-P
CONAMARA SOUTH,"* THOMAS, NOEL",M,0.15961342828077316,INDI
CONAMARA SOUTH,"Walsh, Aidan",M,0.00600203458799593,TIP
GORT-KINVARA,"* DONOHUE, GERALDINE",F,0.17712733856366927,NON-P
GORT-KINVARA,"* FINNERTY, GERRY",M,0.1232146449406558,FF
GORT-KINVARA,"Flynn Dixon, Megan",F,0.07664453832226917,GRN
GORT-KINVARA,"Kelly, Lucina",F,0.05260510963588815,SF
GORT-KINVARA,"KILLILEA, PAUL",M,0.15469724401528867,FG
GORT-KINVARA,"* KINANE, MARTINA",F,0.18949909474954738,FF
GORT-KINVARA,"* MURPHY, PJ",M,0.1964393482196741,FG
GORT-KINVARA,"Sweeney, Alan",M,0.029772681553007444,TIP
LOUGHREA,"* CANNING, IVAN",M,0.12984757862241944,FF
LOUGHREA,"* CURLEY, SHANE",M,0.18647501447038395,FF
LOUGHREA,"* KELLY, DECLAN",M,0.16843526914914142,INDI
LOUGHREA,"Larkin, Mark",M,0.06280146633224001,FF
LOUGHREA,"* MAHER, MICHAEL [MOEGIE]",M,0.1640941539648852,FG
LOUGHREA,"* MCCLEARN, JIMMY",M,0.16920702295967585,FG
LOUGHREA,"McGettigan, John ANThony",M,0.019004437584410575,TIP
LOUGHREA,"O Reilly, Ailish",F,0.07785066563766159,SF
LOUGHREA,"Tooher Madden, Michelle",F,0.022284391279181942,GRN
TUAM,"Culligan, Ross",M,0.009703047668663714,TNP
TUAM,"CUNNIFFE, SHAUN",M,0.0936441781713988,INDI
TUAM,"De Lundres Ó Dálaigh, Stiofán",M,0.02982547538421464,SF
TUAM,"Gaughan, Dannan Liam",M,0.007684292784579318,TIP
TUAM,"* HOADE, MARY",F,0.08635061213857775,FF
TUAM,"Kadejo, Islammiyah",F,0.01673612920031258,GRN
TUAM,"* KILLILEA, DONAGH MARK",M,0.08980203177910914,FF
TUAM,"Lynch, Colin",M,0.006186506902839281,NON-P
TUAM,"* MCHUGH FARAG, KAREY",F,0.06785621255535296,NON-P
TUAM,"Oguekwe, Blessing",F,0.013414951810367283,LAB
TUAM,"Quirke, Tom",M,0.027806720500130243,FF
TUAM,"* REDDINGTON, ANDREW",M,0.18129721281583747,FG
TUAM,"Reynolds, Deborah",F,0.013545194060953373,SF
TUAM,"* ROCHE, PETE",M,0.16625423287314406,FG
TUAM,"* Sheridan, Joe",M,0.07508465746288095,FF
TUAM,"Silke, Luke",M,0.03601198228705392,ANT
TUAM,"TURNER, OLLIE",M,0.07879656160458452,FG
CASTLEISLAND,"Bell, Deirdre",F,0.07511106519268519,SF
CASTLEISLAND,"Bowler, Paul",M,0.014051038330406034,GRN
CASTLEISLAND,"* FARRELLY, CHARLIE",M,0.18627957433619174,NON-P
CASTLEISLAND,"* FITZGERALD, FIONNÁN",M,0.15921066225849778,FF
CASTLEISLAND,"* HEALY-RAE, JACKIE",M,0.2985845645211282,NON-P
CASTLEISLAND,"Keane, Michelle",F,0.10238661018700279,NON-P
CASTLEISLAND,"Ní Ríordáin, Cáit",F,0.012914557288976133,ANT
CASTLEISLAND,"* O'CONNELL, BOBBY",M,0.1514619278851121,FG
CORCA DHUIBHNE,"BROSNAN, ROBERT",M,0.18180661577608143,SF
CORCA DHUIBHNE,"* FITZGERALD, BREANDÁN",M,0.12900763358778625,FF
CORCA DHUIBHNE,"* Fitzgerald, Séamus Cosaí",M,0.09414758269720101,FG
CORCA DHUIBHNE,"GRIFFIN, TOMMY",M,0.22989821882951653,FG
CORCA DHUIBHNE,"Kennedy, Mike",M,0.06463104325699745,LAB
CORCA DHUIBHNE,"Ó Fionnáin, Peadar",M,0.13027989821882952,GRN
CORCA DHUIBHNE,"* O'Shea, Michael D",M,0.17022900763358778,FF
KENMARE,"* CAHILL, MICHAEL",M,0.1448469831915891,FF
KENMARE,"Clifford, Tim",M,0.02899618295051229,SD
KENMARE,"Donnelly, Tony",M,0.05149668519386594,FG
KENMARE,"FOLEY, PODGE",M,0.0770106475590973,NON-P
KENMARE,"* HEALY-RAE, JOHNNY",M,0.23069711377486105,NON-P
KENMARE,"Lyne, Patrick",M,0.024911270340855822,NON-P
KENMARE,"* MCCARTHY, DAN",M,0.0555815978035224,NON-P
KENMARE,"* MORIARTY, NORMA",F,0.12087323377753968,FF
KENMARE,"Murphy, Cleo",F,0.030871224804125092,GRN
KENMARE,"O'Brien, William",M,0.009107346146119332,TIP
KENMARE,"O'Neill, Oliver",M,0.010580593316815108,NON-P
KENMARE,"O'Shea, Stephenie",F,0.028862251389539944,SF
KENMARE,"O'Sullivan, Catherina",F,0.013861916560637514,ANT
KENMARE,"O'Sullivan, Ken",M,0.05504587155963303,FF
KENMARE,"O'SULLIVAN CASEY, TEDDY",M,0.07707761333958348,FG
KENMARE,"Quigg, Damian",M,0.04017946829170294,SF
KILLARNEY,"Abdul Kadir, Kamaruzzaman",M,0.012886958957837232,NON-P
KILLARNEY,"* CRONIN, BRENDAN",M,0.09966381846196946,NON-P
KILLARNEY,"* GRADY, MARTIN",M,0.14378764532847738,NON-P
KILLARNEY,"Griffin, Diarmaid",M,0.023042442919176356,GRN
KILLARNEY,"Healy, Dermot",M,0.04573469673623757,FG
KILLARNEY,"* HEALY-RAE, MAURA",F,0.23707802213195125,NON-P
KILLARNEY,"* KELLEHER, NIALL",M,0.09153943129289817,FF
KILLARNEY,"Kenneally, Caroline",F,0.01736937946491105,SF
KILLARNEY,"Krasnenkova, Natalia",F,0.010225521781762151,NON-P
KILLARNEY,"Leen, William",M,0.0014007564084605687,NON-P
KILLARNEY,"Mahmud, Iqbal",M,0.021291497408600646,NON-P
KILLARNEY,"McGuckin, Diarmuid",M,0.0008404538450763413,NON-P
KILLARNEY,"* MOLONEY, MARIE",F,0.07311948452164169,LAB
KILLARNEY,"* O'CALLAGHAN, NIALL BOTTY",M,0.08096372040902088,NON-P
KILLARNEY,"O'Connor, Alan",M,0.007073819862725872,TIP
KILLARNEY,"* O DONOGHUE, JOHN",M,0.11023952934584676,KIA
KILLARNEY,"Switzer, Damien",M,0.02374282112340664,SF
LISTOWEL,"* BARRY, TOM",M,0.11493860845839017,SF
LISTOWEL,"Comerford, Oonagh",F,0.011255115961800819,GRN
LISTOWEL,"Falvey O'Sullivan, Marion",F,0.08813096862210096,SF
LISTOWEL,"* FOLEY, MICHAEL",M,0.13929058663028648,FG
LISTOWEL,"Foran, Sonny",M,0.057639836289222375,ANT
LISTOWEL,"Harrington, Thomas",M,0.030422919508867666,SF
LISTOWEL,"* KENNELLY, MIKE",M,0.15695770804911324,FG
LISTOWEL,"LEANE, MICHAEL",M,0.12046384720327422,FF
LISTOWEL,"* MOLONEY, JIMMY",M,0.09351978171896316,FF
LISTOWEL,"NOLAN, LIAM SPEEDY",M,0.15163710777626194,NON-P
LISTOWEL,"O'Sullivan, John",M,0.02824010914051842,NON-P
LISTOWEL,"Smith, Rosemarie",F,0.007503410641200546,PAW
TRALEE,"Abdurahman, Ame",M,0.001999851862824976,NON-P
TRALEE,"BAILY, ANGIE",F,0.05955114435967706,FG
TRALEE,"DALY, PAUL",M,0.07762387971261388,SF
TRALEE,"Donnelly, Sinéad",F,0.05088511962076883,FG
TRALEE,"Dunne, Anluan",M,0.04821865047033553,GRN
TRALEE,"* FERRIS, DEIRDRE",F,0.11554699651877638,SF
TRALEE,"* Foley, Cathal",M,0.05288497148359381,SF
TRALEE,"Kevane, Paddy",M,0.02710910302940523,SF
TRALEE,"* LOCKE, SAM",M,0.07829049700022221,NON-P
TRALEE,"McEllistrim, Thomas",M,0.05725501814680394,NON-P
TRALEE,"* O'BRIEN, TERRY",M,0.11391748759351158,LAB
TRALEE,"O'Grady, Eddie",M,0.023701948003851565,TIP
TRALEE,"O'SULLIVAN, ANNE",F,0.060588104584845565,FF
TRALEE,"Oyebanji, Mistura",F,0.03162728686763944,SD
TRALEE,"* SHEEHY, MIKEY",M,0.15665506258795645,FF
TRALEE,"Slimm, Ben",M,0.014961854677431302,LAB
TRALEE,"Sweeney, Jacob",M,0.02918302347974224,TNP
ATHY,"* BEHAN, VERALOUISE",F,0.09724456958970233,FF
ATHY,"* BRESLIN, AOIFE",F,0.23602172164119067,LAB
ATHY,"Campbell, Geraldine",F,0.036202735317779566,SF
ATHY,"Carton, William",M,0.09080852775543041,INDI
ATHY,"Casey, ANThony",M,0.03409090909090909,IFP
ATHY,"* DOOLEY, BRIAN",M,0.1082059533386967,FF
ATHY,"* KEATLEY, IVAN",M,0.16472244569589703,FG
ATHY,"Kenny, Brian.",M,0.032079646017699116,FG
ATHY,"* LEIGH, MARK",M,0.07361222847948512,LAB
ATHY,"Maughan, Nichola",F,0.004525341914722446,NON-P
ATHY,"Owens, David",M,0.03298471440064361,FF
ATHY,"Redmond, Thomas",M,0.05400241351568785,SF
ATHY,"Wall, Rachael",F,0.035498793242156074,SD
CELBRIDGE,"* HEATHER, RUPERT",M,0.09774545454545455,LAB
CELBRIDGE,"Hughes, Peter Paul",M,0.056581818181818185,GRN
CELBRIDGE,"Monaghan, David",M,0.08625454545454546,SF
CELBRIDGE,"O'ROURKE, CLAIRE",F,0.2053818181818182,SD
CELBRIDGE,"PANAITE FAHEY, LUMI",F,0.1776,FG
CELBRIDGE,"Phelan, Zhyan",F,0.06036363636363636,NON-P
CELBRIDGE,"Toner, Daragh",M,0.0706909090909091,TIP
CELBRIDGE,"TROST, DAVID",M,0.24538181818181817,FF
CLANE,"Brennan, Killian",M,0.07506237118993384,SF
CLANE,"Coates, Eoin",M,0.021585855298839354,LAB
CLANE,"DURKAN, WILLIAM",M,0.1140036880355787,FG
CLANE,"* FARRELLY, AIDAN",M,0.14101312506779476,SD
CLANE,"* FITZPATRICK, DARAGH",M,0.10988176591821239,FF
CLANE,"Foley, Patricia",F,0.014969085584119753,GRN
CLANE,"* MCEVOY, PÁDRAIG",M,0.14502657555049356,NON-P
CLANE,"McKeown, Ryan",M,0.05065625338973858,INDI
CLANE,"McLoughlin, Jessica",F,0.017463933181473046,NON-P
CLANE,"O'Connor, Una",F,0.050439310120403515,ANT
CLANE,"Roker, Sophie",F,0.018440177893480854,NON-P
CLANE,"Tuohy, Mick",M,0.026033192320208266,SF
CLANE,"* WYSE, BRENDAN",M,0.21542466644972338,FG
KILDARE,"BALFE, PAT",M,0.07337678011103066,SD
KILDARE,"Benson, Lorraine",F,0.03342988172821627,GRN
KILDARE,"* Connolly, Noel",M,0.051291334781559256,SF
KILDARE,"Crowe, Declan",M,0.05708423847453536,NON-P
KILDARE,"* Curran, Paddy",M,0.0894279507603186,FG
KILDARE,"Delaney, Denis",M,0.010137581462708182,NON-P
KILDARE,"* DOYLE, SUZANNE",F,0.20118271783731595,FF
KILDARE,"* DUFFY, KEVIN",M,0.17608013516775284,FG
KILDARE,"Goodwin, Aisling",F,0.014965001206854936,NON-P
KILDARE,"Harrison, Chris",M,0.03849867245957036,LAB
KILDARE,"NÍ RAGHALLAIGH, SHÓNAGH",F,0.07229061066859764,SF
KILDARE,"O'LOUGHLIN, BRIAN",M,0.1378228336953898,FF
KILDARE,"O'Malley, Paul Raymond",M,0.044412261646150135,INDI
LEIXLIP,"Ali, Imran",M,0.03194993412384717,GRN
LEIXLIP,"*CALDWELL, BERNARD",M,0.2028985507246377,FF
LEIXLIP,"* KILLEEN, NUALA",F,0.2910079051383399,SD
LEIXLIP,"* NEVILLE, JOE",M,0.377635046113307,FG
LEIXLIP,"O'Boyle, Joan",F,0.09650856389986824,SF
MAYNOOTH,"* DURKAN, TIM",M,0.1540836971568523,FG
MAYNOOTH,"* FEENEY, ANGELA",F,0.1327867106804387,LAB
MAYNOOTH,"Gaynor, Evelyn",F,0.05782131828346289,SF
MAYNOOTH,"* Hamilton, Peter",M,0.05302949632626983,GRN
MAYNOOTH,"Lane, Tara",F,0.10137365562772868,FG
MAYNOOTH,"Meade, Liam",M,0.05686295389202428,INDI
MAYNOOTH,"MELROSE, PETER",M,0.1272494941965712,SD
MAYNOOTH,"* Ó CEARÚIL, NAOISE",M,0.20019167287828774,FF
MAYNOOTH,"* WARD, PAUL",M,0.1166010009583644,FF
NAAS,"* BREEN, ANNE",F,0.07981018119068162,LAB
NAAS,"* BRETT, FINTAN",M,0.1235979292493529,FG
NAAS,"* CLEAR, BILL",M,0.1420046016681047,SD
NAAS,"Corcoran, Avril",F,0.03803566292781133,TIP
NAAS,"Dunne, Ciara",F,0.057520851308599366,FG
NAAS,"DUNNE, GER",M,0.054285303422490654,INDI
NAAS,"Hogan, Caroline",F,0.039833189531205064,SF
NAAS,"* KELLY, CARMEL",F,0.08433994823123382,FF
NAAS,"Larkin, Brian",M,0.07139775668679896,FF
NAAS,"Magee, Hugo",M,0.015171124532643084,NON-P
NAAS,"* MOORE, SEAMIE",M,0.09239286741443774,NON-P
NAAS,"Omini, Evangeline",F,0.01883807880356629,SF
NAAS,"O'Neill, Pauline",F,0.014452113891285591,SF
NAAS,"* Quinn, Bob",M,0.06262582686223755,GRN
NAAS,"* SAMMON, EVIE",F,0.10569456427955133,FG
NEWBRIDGE,"Byrne, Melissa",F,0.05937446296614539,ANT
NEWBRIDGE,"Conway, Aina",F,0.0533596837944664,LAB
NEWBRIDGE,"Garvin, James",M,0.042876782952397316,NON-P
NEWBRIDGE,"* HEAVEY, NOEL",M,0.08953428424127857,FF
NEWBRIDGE,"Maher, Ronan",M,0.016239903763533254,GRN
NEWBRIDGE,"McCormack, Chris",M,0.039525691699604744,NON-P
NEWBRIDGE,"MCDONNELL, TOM",M,0.047087128372572604,NON-P
NEWBRIDGE,"* O'DWYER, PEGGY",F,0.1728819384774016,FG
NEWBRIDGE,"* O'DWYER, TRACEY",F,0.17906856848255714,FG
NEWBRIDGE,"O'Neill, Leanne",F,0.014435470012029558,NON-P
NEWBRIDGE,"* PENDER, CHRIS",M,0.1255370338546142,SD
NEWBRIDGE,"* POWER, ROB",M,0.07191957380993298,FF
NEWBRIDGE,"Stokes, James",M,0.05525004296270837,SF
NEWBRIDGE,"Thrope, Terri",F,0.03290943461075786,SF
CALLAN-THOMASTOWN,"* CLEERE, PETER ‘CHAP’",M,0.1901636313210687,FF
CALLAN-THOMASTOWN,"* CULLEN, DEIRDRE",F,0.11167606545252842,FF
CALLAN-THOMASTOWN,"DOHENY, STEPHANIE",F,0.07968937783119165,SF
CALLAN-THOMASTOWN,"Doyle, Kristina",F,0.03642414717574189,GRN
CALLAN-THOMASTOWN,"* DOYLE, MICHAEL",M,0.12406397337524268,FG
CALLAN-THOMASTOWN,"Kelly, Orla",F,0.07525191827678654,FG
CALLAN-THOMASTOWN,"Kennedy, David",M,0.04908939632060645,SF
CALLAN-THOMASTOWN,"* LYONS, JOE",M,0.14985670703522233,FG
CALLAN-THOMASTOWN,"SHERIDAN, JOE",M,0.18378478321161135,FF
CASTLECOMER,"* BRENNAN, JOHN",M,0.10702087286527515,FG
CASTLECOMER,"Burke, Daniel",M,0.033586337760910814,INDI
CASTLECOMER,"* CAVANAGH, MARY HILDA",F,0.1769449715370019,FG
CASTLECOMER,"* DELANEY, MICHAEL",M,0.0937381404174573,FF
CASTLECOMER,"Delaney, Stephen",M,0.022296015180265655,TIP
CASTLECOMER,"* FITZPATRICK, PAT",M,0.21897533206831118,FF
CASTLECOMER,"* Hynes, Denis",M,0.0967741935483871,SF
CASTLECOMER,"* MCCARTHY, MICHAEL",M,0.14127134724857685,FF
CASTLECOMER,"SHORTALL, MAURICE",M,0.10939278937381404,NON-P
KILKENNY,"Akaehomen, Toluwani",F,0.03302320826091402,NON-P
KILKENNY,"Aza, Jon",M,0.006645537266128208,NON-P
KILKENNY,"Barry, Evan",M,0.037726203864635516,SF
KILKENNY,"* Brett, Martin",M,0.04989264901339331,FG
KILKENNY,"Cleere, Andrea",F,0.02985379818014518,LAB
KILKENNY,"* COONAN, JOHN",M,0.0712606072998671,FF
KILKENNY,"* DOLLARD, MARIA",F,0.06083222574378898,GRN
KILKENNY,"* FITZGERALD, DAVID",M,0.1258562519169819,FG
KILKENNY,"Heffernan, Liam",M,0.015642572334117165,NON-P
KILKENNY,"* MALONE, JOE",M,0.10643083529291483,FF
KILKENNY,"McGrath, Michael",M,0.0053164298129025666,NON-P
KILKENNY,"* MCGUINNESS, ANDREW",M,0.14517942950618545,FF
KILKENNY,"* MCGUINNESS, EUGENE",M,0.11614354360494837,NON-P
KILKENNY,"O’Brien, Aoife",F,0.01962989469379409,SF
KILKENNY,"O’Connor, Luke",M,0.031591861772824865,IFP
KILKENNY,"O’Farrell, Mark",M,0.013291074532256416,SF
KILKENNY,"Ó HARGÁIN, SEÁN",M,0.06717104590532666,LAB
KILKENNY,"O’Neill, Martin",M,0.053573254268479704,SD
KILKENNY,"Shore, Kevin",M,0.009099274102852469,PBP
KILKENNY,"Walsh, Noel Gerald",M,0.001840302627543196,NON-P
PILTOWN,"* BREATHNACH, TOMÁS",M,0.17037731427232247,LAB
PILTOWN,"CATT SLATTERY, JENNY",F,0.09514881649871104,FF
PILTOWN,"Daly, Richard",M,0.043121631122568546,TIP
PILTOWN,"* DOHERTY, FIDELIS",F,0.11096789313334895,FG
PILTOWN,"Donoghue, Damien",M,0.04194984766815093,FG
PILTOWN,"* DUNPHY, PATRICK",M,0.21959221935786266,FG
PILTOWN,"* FRISBY, GER",M,0.11284274666041716,FF
PILTOWN,"Kane, David",M,0.026482306069838295,SD
PILTOWN,"McDonagh, Benny",M,0.013592688071244434,GRN
PILTOWN,"Newsome Drennan, Natasha",F,0.05847199437543942,SF
PILTOWN,"Wall, Maria",F,0.06245605812045934,FF
PILTOWN,"Wemyss, Michael",M,0.04499648464963675,SF
BORRIS-IN-OSSORY-MOUNTMELLICK,"* BERGIN, CONOR",M,0.13406795224977044,FG
BORRIS-IN-OSSORY-MOUNTMELLICK,"* BRACKEN, PADDY",M,0.12121212121212122,FF
BORRIS-IN-OSSORY-MOUNTMELLICK,"Buggy, Paddy",M,0.09274563820018365,FG
BORRIS-IN-OSSORY-MOUNTMELLICK,"Campion, Helen",F,0.03497787795308457,SF
BORRIS-IN-OSSORY-MOUNTMELLICK,"* CLOONEY, OLLIE",M,0.10393188079138492,NON-P
BORRIS-IN-OSSORY-MOUNTMELLICK,"Corrigan, Bryan",M,0.008264462809917356,LAB
BORRIS-IN-OSSORY-MOUNTMELLICK,"Cuddy, Fintan",M,0.047249353034477,FF
BORRIS-IN-OSSORY-MOUNTMELLICK,"Drennan, Kevin",M,0.016028049085900324,NON-P
BORRIS-IN-OSSORY-MOUNTMELLICK,"Dunne, Fiona",F,0.010101010101010102,GRN
BORRIS-IN-OSSORY-MOUNTMELLICK,"Good, Declan",M,0.023207279405626512,FF
BORRIS-IN-OSSORY-MOUNTMELLICK,"Holohan Garry, Lorna",F,0.03781617831204608,SF
BORRIS-IN-OSSORY-MOUNTMELLICK,"* KELLY, JAMES",M,0.11753902662993572,NON-P
BORRIS-IN-OSSORY-MOUNTMELLICK,"* KING, JOHN",M,0.11294765840220386,FG
BORRIS-IN-OSSORY-MOUNTMELLICK,"* MCDONALD, SEAMÚS",M,0.0910760497537357,FF
BORRIS-IN-OSSORY-MOUNTMELLICK,"Phelan, Brian",M,0.048835462058602556,FF
GRAIGUECULLEN-PORTARLINGTON,"Barry, Eoin",M,0.04560201874549387,LAB
GRAIGUECULLEN-PORTARLINGTON,"* BRENNAN, BEN",M,0.12166546503244412,NON-P
GRAIGUECULLEN-PORTARLINGTON,"Fennell, Patsy",M,0.061463590483056954,INDI
GRAIGUECULLEN-PORTARLINGTON,"* FLEMING, PADRAIG",M,0.11490627253064167,FF
GRAIGUECULLEN-PORTARLINGTON,"Hackett, Charlie",M,0.01928622927180966,GRN
GRAIGUECULLEN-PORTARLINGTON,"Kelly, Aaron",M,0.070746214852199,SF
GRAIGUECULLEN-PORTARLINGTON,"* Kelly, P.J.",M,0.08985219899062726,FG
GRAIGUECULLEN-PORTARLINGTON,"Kennedy, Joey",M,0.05209084354722422,FF
GRAIGUECULLEN-PORTARLINGTON,"* MCEVOY, PASCHAL",M,0.1263518385003605,FF
GRAIGUECULLEN-PORTARLINGTON,"* MORAN, AISLING",F,0.10291997116077865,NON-P
GRAIGUECULLEN-PORTARLINGTON,"* MULLINS, AIDAN",M,0.12247656813266042,SF
GRAIGUECULLEN-PORTARLINGTON,"PHELAN, VIVIENNE",F,0.07263878875270367,FG
PORTLAOISE,"Adeyanju, Bolaji Mojeed",M,0.02955032119914347,NON-P
PORTLAOISE,"* AIRD, WILLIE",M,0.13190578158458244,FG
PORTLAOISE,"Burke, Noel",M,0.02252676659528908,NON-P
PORTLAOISE,"Byrne, Colette",F,0.019957173447537474,INDI
PORTLAOISE,"* Connell, Thomasina",F,0.04625267665952891,FG
PORTLAOISE,"Cowhig, John",M,0.004197002141327623,NON-P
PORTLAOISE,"Dunne, Dom",M,0.029122055674518203,NON-P
PORTLAOISE,"* DWANE STANLEY, CAROLINE",F,0.12119914346895075,SF
PORTLAOISE,"* FENNELLY, JOHN JOE",M,0.0982441113490364,FF
PORTLAOISE,"* FITZGERALD, CATHERINE",F,0.0932762312633833,FF
PORTLAOISE,"Flanagan, Pauline",F,0.03331905781584583,NON-P
PORTLAOISE,"Iqbal, Naeem",M,0.05344753747323341,FF
PORTLAOISE,"Kelly, Donal",M,0.02089935760171306,NON-P
PORTLAOISE,"McCormack, Maria",F,0.023640256959314775,SF
PORTLAOISE,"MULLIGAN, TOMMY",M,0.09413276231263383,NON-P
PORTLAOISE,"Palmer, Rosie",F,0.025267665952890792,GRN
PORTLAOISE,"Phelan, Jason",M,0.010620985010706638,SF
PORTLAOISE,"Ryan, Martha",F,0.015588865096359743,ANT
PORTLAOISE,"* TUOHY, MARIE",F,0.054132762312633836,LAB
PORTLAOISE,"* WALSH, BARRY",M,0.07271948608137045,FG
BALLINAMORE,"* BARRY, BRENDAN",M,0.1303755299818292,SF
BALLINAMORE,"Charles Lynch, Karina",F,0.015596608116293155,INDI
BALLINAMORE,"Curnan, Joanne",F,0.08509993943064809,SF
BALLINAMORE,"Heslin, George",M,0.00817686250757117,NON-P
BALLINAMORE,"* KENNY, ROISIN",F,0.07344033918837069,SF
BALLINAMORE,"* MCGLOIN, ENDA",M,0.15642035130224108,FG
BALLINAMORE,"O'Ceallaigh, Adam",M,0.0498182919442762,GRN
BALLINAMORE,"* O'ROURKE, PADDY",M,0.2171411265899455,FF
BALLINAMORE,"* PRIOR, GARY",M,0.08873410054512416,FF
BALLINAMORE,"* REYNOLDS FLYNN, ITA",F,0.10978195033313144,FG
BALLINAMORE,"Wynne, Sean",M,0.06541490006056935,NON-P
CARRICK-ON-SHANNON,"FARRELL, PADDY",M,0.12070759625390219,FF
CARRICK-ON-SHANNON,"FLYNN, CORMAC",M,0.09278529309746791,SF
CARRICK-ON-SHANNON,"Garland, Sharon",F,0.04162330905306972,NON-P
CARRICK-ON-SHANNON,"Gonzalez, Lola",F,0.023586541796739507,SD
CARRICK-ON-SHANNON,"* GUCKIAN, DES",M,0.12903225806451613,NON-P
CARRICK-ON-SHANNON,"King, Stephen",M,0.09018383628165105,FF
CARRICK-ON-SHANNON,"* MCGOWAN, SEAN",M,0.13753035032951785,FF
CARRICK-ON-SHANNON,"McManus, Michael",M,0.02098508498092265,NON-P
CARRICK-ON-SHANNON,"Mulligan, Lisa",F,0.07180020811654526,SF
CARRICK-ON-SHANNON,"O'Hora, Leslie",M,0.008671522719389525,GRN
CARRICK-ON-SHANNON,"REYNOLDS, MAEVE",F,0.13059313215400625,FG
CARRICK-ON-SHANNON,"* STENSON, ENDA",M,0.13250086715227194,NON-P
MANORHAMILTON,"Bergin, Caitríona",F,0.04364954301922471,FG
MANORHAMILTON,"* BOHAN, MARY",F,0.13157894736842105,FF
MANORHAMILTON,"Brennan Shyabo, Michelle",F,0.06271667191931926,SF
MANORHAMILTON,"Comiskey, Kevin",M,0.0723290261582099,FG
MANORHAMILTON,"* FALLON, PADRAIG",M,0.12275449101796407,SF
MANORHAMILTON,"Gallagher, Bláithín",F,0.01922470847778128,GRN
MANORHAMILTON,"GILMARTIN, JAMES",M,0.21036873621178695,NON-P
MANORHAMILTON,"GURN, FELIM",M,0.11566341002206114,NON-P
MANORHAMILTON,"Linnane, Bernie",F,0.016230696501733376,LAB
MANORHAMILTON,"MacConville, Diarmuid",M,0.005357705641348881,NON-P
MANORHAMILTON,"MITCHELL, EDDIE",M,0.08068074377560668,NON-P
MANORHAMILTON,"* WARNOCK, JUSTIN",M,0.11944531988654271,FF
ADARE-RATHKEALE,"* COLLINS, BRIDIE",F,0.11511557177615572,FF
ADARE-RATHKEALE,"Collins, Joanne",F,0.060903284671532845,SF
ADARE-RATHKEALE,"Crehan, Richie",M,0.09496654501216545,NON-P
ADARE-RATHKEALE,"Daly, Robert",M,0.0028132603406326034,NON-P
ADARE-RATHKEALE,"HARTIGAN, TOMMY",M,0.09253345498783455,INDI
ADARE-RATHKEALE,"* KEARY, STEPHEN",M,0.17708333333333334,FG
ADARE-RATHKEALE,"O'Dea, Trina",F,0.07276459854014598,FF
ADARE-RATHKEALE,"* O'DONOGHUE, JOHN",M,0.09747566909975669,INDI
ADARE-RATHKEALE,"* Sheahan, Michael",M,0.05945863746958637,FG
ADARE-RATHKEALE,"* TESKEY, ADAM",M,0.1446167883211679,FG
ADARE-RATHKEALE,"WARD, GER",M,0.08226885644768857,FF
CAPPAMORE-KILMALLOCK,"* CAREY, P.J.",M,0.07516598647743193,SF
CAPPAMORE-KILMALLOCK,"CONWAY, GREGORY",M,0.08271913260644453,FG
CAPPAMORE-KILMALLOCK,"* Donegan, Mike",M,0.05640494609246513,FF
CAPPAMORE-KILMALLOCK,"Fitzgerald, Al",M,0.045745264055552175,FF
CAPPAMORE-KILMALLOCK,"Hanley, Gráinne",F,0.03660839373819821,INDI
CAPPAMORE-KILMALLOCK,"Hayes, Michelle",F,0.03179630870439179,NON-P
CAPPAMORE-KILMALLOCK,"Hourigan, Denny",M,0.02460863738807334,FF
CAPPAMORE-KILMALLOCK,"O'Donnell, Rob",M,0.033075470548821345,GRN
CAPPAMORE-KILMALLOCK,"O'SULLIVAN, TOMMY",M,0.07437412438326126,FG
CAPPAMORE-KILMALLOCK,"* RYAN, EDDIE",M,0.12249497472132545,NON-P
CAPPAMORE-KILMALLOCK,"* RYAN, MARTIN",M,0.12541877322287873,FF
CAPPAMORE-KILMALLOCK,"Ryan, Michael",M,0.040994091490528115,ANT
CAPPAMORE-KILMALLOCK,"STOKES, NOREEN",F,0.08783577998416275,FG
CAPPAMORE-KILMALLOCK,"TEEFY, BRIGID",F,0.16275811658646525,NON-P
LIMERICK CITY EAST,"DOYLE, PETER",M,0.1343341630367144,FG
LIMERICK CITY EAST,"GAVIN, URSULA",F,0.03757000622277536,SF
LIMERICK CITY EAST,"* HARTIGAN, SEAN",M,0.05872744243932794,GRN
LIMERICK CITY EAST,"* KIELY, SARAH",F,0.10913192283758556,FG
LIMERICK CITY EAST,"Killeen, Mike",M,0.028391412570006224,SF
LIMERICK CITY EAST,"Lillis, Dean",M,0.03336963285625389,NON-P
LIMERICK CITY EAST,"McCarthy, Patrick",M,0.008011823273179838,NON-P
LIMERICK CITY EAST,"* Murphy, Michael",M,0.05740510267579341,FG
LIMERICK CITY EAST,"Nelligan, Eric",M,0.056860609831985064,ANT
LIMERICK CITY EAST,"O'Brien, Michael",M,0.009956440572495333,NON-P
LIMERICK CITY EAST,"O'Shea, Danielle",F,0.031969508400746735,SF
LIMERICK CITY EAST,"* POND, JOE",M,0.12359987554449284,FF
LIMERICK CITY EAST,"* SECAS, ELENA",F,0.12266645924082141,LAB
LIMERICK CITY EAST,"Slater, Tally",F,0.004200373366521469,NON-P
LIMERICK CITY EAST,"* SLATTERY, CATHERINE",F,0.14732420659614187,FF
LIMERICK CITY EAST,"Vuma, Donnah",F,0.036481020535158684,SD
LIMERICK CITY NORTH,"BEASLEY, SARAH",F,0.06701192718141871,ANT
LIMERICK CITY NORTH,"* BENSON, SHARON",F,0.05704645323289391,SF
LIMERICK CITY NORTH,"Clarke, Ruth",F,0.023069679849340868,INDI
LIMERICK CITY NORTH,"* Collopy, Tom",M,0.04221594475831764,SF
LIMERICK CITY NORTH,"* DALY, FRANKIE",M,0.12186126804770872,NON-P
LIMERICK CITY NORTH,"Delaney, Richard",M,0.042765222849968615,FG
LIMERICK CITY NORTH,"Dunworth, Tanya",F,0.013182674199623353,SF
LIMERICK CITY NORTH,"Fahy, Ruairi",M,0.030759573132454487,PBP
LIMERICK CITY NORTH,"HICKEY - O'MARA, SHANE",M,0.04331450094161959,SD
LIMERICK CITY NORTH,"Kearney, Adam",M,0.04519774011299435,NON-P
LIMERICK CITY NORTH,"Keyes, Laura",F,0.02110797237915882,NON-P
LIMERICK CITY NORTH,"* Novak Ui Chonchuir, Sasa",F,0.029817953546767105,GRN
LIMERICK CITY NORTH,"O'Deniyi, Suzzie",F,0.03177966101694915,FF
LIMERICK CITY NORTH,"* O'HANLON, KIERAN",M,0.10326428123038292,FF
LIMERICK CITY NORTH,"O'Neill, Pat",M,0.05296610169491525,NON-P
LIMERICK CITY NORTH,"* O' SULLIVAN, OLIVIA",F,0.09102322661644696,FG
LIMERICK CITY NORTH,"Quinn, Dean",M,0.05069052102950408,NON-P
LIMERICK CITY NORTH,"* SHEEHAN, CONOR",M,0.1189579409918393,LAB
LIMERICK CITY NORTH,"Spain, Mark",M,0.01396735718769617,FG
LIMERICK CITY WEST,"Aherne, Esther",F,0.047458463563086035,INDI
LIMERICK CITY WEST,"* BUTLER, DANIEL",M,0.18366507649284422,FG
LIMERICK CITY WEST,"DONOGHUE, MARIA",F,0.06440203980917913,NON-P
LIMERICK CITY WEST,"* KILCOYNE, FERGUS",M,0.06892581016614575,FF
LIMERICK CITY WEST,"* LEDDIN, JOE",M,0.10083895377529199,LAB
LIMERICK CITY WEST,"Lonergan, Frances",F,0.026649119921039646,SF
LIMERICK CITY WEST,"Lynch, Sean",M,0.04054943247244613,NON-P
LIMERICK CITY WEST,"MacCurtain, Michael",M,0.05148873169929265,FG
LIMERICK CITY WEST,"Mahmood, Khalid",M,0.003619016285573285,NON-P
LIMERICK CITY WEST,"McCarthy, Cathal",M,0.022454351044579702,NON-P
LIMERICK CITY WEST,"McCreesh, Malachy",M,0.042605691725612765,SF
LIMERICK CITY WEST,"* MCSWEENEY, DAN",M,0.1418818884684981,FG
LIMERICK CITY WEST,"Morrissey, Alec",M,0.012008554038493173,NON-P
LIMERICK CITY WEST,"* O'DONOVAN, ELISA",F,0.06357953610791249,SD
LIMERICK CITY WEST,"Rafferty, Michael",M,0.0013160059220266491,NON-P
LIMERICK CITY WEST,"Reza, Shahin",M,0.0052640236881065965,NON-P
LIMERICK CITY WEST,"Spencer, Peter",M,0.03635466359598618,GRN
LIMERICK CITY WEST,"* TALUKDER, ABUL KALAM AZAD",M,0.0869386412238855,FF
NEWCASTLE WEST,"Barrett, James",M,0.0496696117009429,INDI
NEWCASTLE WEST,"Barrett, Kathleen Lucy",F,0.02383250426906229,FF
NEWCASTLE WEST,"* COLLINS, MICHAEL",M,0.14938005791075804,FF
NEWCASTLE WEST,"Collins, Padraig",M,0.07498700720172248,SF
NEWCASTLE WEST,"* FOLEY, FRANCIS",M,0.08226297423713713,FF
NEWCASTLE WEST,"* GALVIN, LIAM",M,0.16756997549929467,FG
NEWCASTLE WEST,"King, Pat",M,0.04142846536491202,INDI
NEWCASTLE WEST,"Madigan, Gerard",M,0.04647709555275076,FF
NEWCASTLE WEST,"* RUDDLE, TOM",M,0.08916771846462247,FG
NEWCASTLE WEST,"* SCANLAN, JEROME",M,0.1708367362090727,NON-P
NEWCASTLE WEST,"* SHEAHAN, JOHN",M,0.0960724626921078,FG
NEWCASTLE WEST,"Gerben, Uunk",M,0.008315390897616749,PAW
BALLYMAHON,"* CAHILL, MICK",M,0.12337939877475423,FF
BALLYMAHON,"* CASEY, MARK",M,0.0906111981763784,NON-P
BALLYMAHON,"DOWLER, NIALl",M,0.06054993588830318,NON-P
BALLYMAHON,"* FARRELL, GERALd",M,0.08021085624732868,NON-P
BALLYMAHON,"LARKIN, MANDy",F,0.022937740418863085,TIP
BALLYMAHON,"MIMNAGH, SEAN",M,0.08448496936885597,FF
BALLYMAHON,"* MURRAY, COLm",M,0.07664909531272261,FG
BALLYMAHON,"* O’TOOLE, PAT",M,0.10172389229234934,FF
BALLYMAHON,"PAWELCZYK, FRANCESCa",F,0.011397634990739421,NON-P
BALLYMAHON,"ROONEY, JOHn",M,0.08006838580994444,SF
BALLYMAHON,"* ROSS, PAUL",M,0.1852115685995156,FG
BALLYMAHON,"SKELLY, MARTIN",M,0.08277532412024505,FG
GRANARD,"* BRADY, PARAIc",M,0.17044334975369457,FG
GRANARD,"CAMPION, BARRY",M,0.035608726249120336,SF
GRANARD,"CASSIDY, DAVID",M,0.07642505277973258,FF
GRANARD,"* DALTON, COLIn",M,0.11541168191414497,FG
GRANARD,"* MCGOVERN, TURLOUGH",M,0.1988740323715693,NON-P
GRANARD,"MCNAMARA, PÁDRAIG",M,0.09838142153413089,FG
GRANARD,"MURPHY, SUSAn",F,0.061083743842364535,FF
GRANARD,"* MURTAGH, GARRY",M,0.20408163265306123,FG
GRANARD,"SMITH, MARETt",F,0.03969035890218156,FF
LONGFORD,"* ADEJINMI, URUEMU",F,0.06315018315018316,FF
LONGFORD,"ATHAR, SADIa",F,0.029743589743589743,NON-P
LONGFORD,"* BUTLER, SEAMUS",M,0.15252747252747254,FF
LONGFORD,"CARBERRY, ALICIa",F,0.009963369963369963,NON-P
LONGFORD,"DONNELLY, JAMEs,",M,0.058754578754578755,SF
LONGFORD,"GANNON, NIALL",M,0.07443223443223443,FG
LONGFORD,"GREENE-CASEY, MAURa",F,0.0077655677655677656,NON-P
LONGFORD,"* HAGAN, GERRY",M,0.15692307692307692,FG
LONGFORD,"HUSSEY, KEVIN",M,0.06490842490842491,FF
LONGFORD,"JOSEPH, CATHERINe",F,0.01347985347985348,GRN
LONGFORD,"MANZOOR, MUJAHId",M,0.032527472527472526,NON-P
LONGFORD,"MCKENDRY, GARETh",M,0.01802197802197802,TIP
LONGFORD,"* MONAGHAN, MARTIN",M,0.153992673992674,FF
LONGFORD,"* NOLAN, PEGGY",F,0.1304029304029304,FG
LONGFORD,"QUINN, JAMEs",M,0.016703296703296705,NON-P
LONGFORD,"REILLY, TONy",M,0.004395604395604396,NON-P
LONGFORD,"SCHOUTEN, DWAIn",M,0.0019047619047619048,NON-P
LONGFORD,"SMYTH, DAVe",M,0.010402930402930404,PBP
ARDEE,"Brown, Seán",M,0.016042780748663103,NON-P
ARDEE,"* BUTTERLY, PAULA",F,0.11949814890991362,FG
ARDEE,"Colbert, Kitty",F,0.058412176059234884,SF
ARDEE,"Commins, Thomas",M,0.02725215960510078,NON-P
ARDEE,"* CONLON, BERNIE",F,0.08329905388728918,NON-P
ARDEE,"Devine, Adam",M,0.009563965446318387,GRN
ARDEE,"Farrell, Peter",M,0.02293294940353764,NON-P
ARDEE,"Karpenko, Kate",F,0.028383381324557796,LAB
ARDEE,"Kerley, Rachel",F,0.10057589469354175,FG
ARDEE,"Malone, Fintan",M,0.05501851090086384,NON-P
ARDEE,"McCreanor, Niall",M,0.03187988482106129,SD
ARDEE,"* MCGEOUGH, PEARSE",M,0.10972850678733032,SF
ARDEE,"* MINOGUE, DOLORES",F,0.10139860139860139,FG
ARDEE,"Murphy, Phyllis",F,0.01686548745372275,SF
ARDEE,"* SHERIDAN, JOHN",M,0.11363636363636363,FF
ARDEE,"* TENANTY, JIM",M,0.10551213492389963,NON-P
DROGHEDA RURAL,"Agrios, Marian",F,0.016403686923918137,FG
DROGHEDA RURAL,"* Cunningham, Tom",M,0.10092173097953444,SF
DROGHEDA RURAL,"DONOVAN, ERIC",M,0.11263865021090455,SF
DROGHEDA RURAL,"FORD, ANNE-MARIE",F,0.1659115763162006,FG
DROGHEDA RURAL,"Godfrey, Frank",M,0.05077331666927043,NON-P
DROGHEDA RURAL,"* HALL, MICHELLE",F,0.22277769098578348,LAB
DROGHEDA RURAL,"Johnson, Patrice",F,0.05358537728479925,IFP
DROGHEDA RURAL,"Martin, Mick",M,0.026089673488517418,NON-P
DROGHEDA RURAL,"McElearney, Derek",M,0.012654272769879706,TIP
DROGHEDA RURAL,"Murphy, ANThony",M,0.03733791595063271,GRN
DROGHEDA RURAL,"* POWER, DECLAN",M,0.13404155600687392,NON-P
DROGHEDA RURAL,"Wilkinson, Tomas",M,0.06686455241368536,FF
DROGHEDA URBAN,"Bannon, John",M,0.019785745518146044,NON-P
DROGHEDA URBAN,"* BYRNE, JAMES",M,0.09652383034543069,FF
DROGHEDA URBAN,"* BYRNE, JOANNA",F,0.10275470048097946,SF
DROGHEDA URBAN,"* CALLAN, KEVIN",M,0.11827721906427635,NON-P
DROGHEDA URBAN,"Clinton, Laura",F,0.03334062090074333,SF
DROGHEDA URBAN,"* Cutlip, Emma",F,0.030389156099693924,LAB
DROGHEDA URBAN,"Fagan, Alan",M,0.018583296895496284,TIP
DROGHEDA URBAN,"Godfrey, Frank",M,0.03694796676869261,NON-P
DROGHEDA URBAN,"Hynes, Vincent",M,0.007324005247048535,NON-P
DROGHEDA URBAN,"Johnson, Patrice",F,0.032903366856143416,IFP
DROGHEDA URBAN,"Kennedy, Michael",M,0.017380848272846524,GRN
DROGHEDA URBAN,"McCole, Debbie",F,0.04744206383909051,SF
DROGHEDA URBAN,"McManus, Shona",F,0.06318320944468736,FG
DROGHEDA URBAN,"* MCQUILLAN, PADDY",M,0.08482728465238304,NON-P
DROGHEDA URBAN,"Morgan, John",M,0.009073021425448186,TIP
DROGHEDA URBAN,"Nugent, Peter James",M,0.016178399650196764,NON-P
DROGHEDA URBAN,"O'Dowd, Michael",M,0.044490599038041104,ANT
DROGHEDA URBAN,"O'HARE STRATTON, EJIRO",F,0.06963270660253608,FG
DROGHEDA URBAN,"* SMITH, PIO",M,0.13062964582422387,LAB
DROGHEDA URBAN,"Thompson, Joanna",F,0.020332313073895932,SF
DUNDALK-CARLINGFORD,"Byrne, Kathleen",F,0.058281908120286025,SF
DUNDALK-CARLINGFORD,"Crawley, Gerard",M,0.028308355372710352,GRN
DUNDALK-CARLINGFORD,"FISHER, CIARÁN",M,0.06739151728866687,NON-P
DUNDALK-CARLINGFORD,"* Keelan, Conor",M,0.07748065432461554,FF
DUNDALK-CARLINGFORD,"Keenan, Yvonne",F,0.03937702027622686,FG
DUNDALK-CARLINGFORD,"* KELLY, SEÁN",M,0.17905769419139975,FF
DUNDALK-CARLINGFORD,"* MCKEVITT, ANDREA",F,0.08041923792731903,FF
DUNDALK-CARLINGFORD,"MHIC CONCHOILLE, FIONA",F,0.0496620628856891,SF
DUNDALK-CARLINGFORD,"Ó Broin, Seán",M,0.04388284846703889,SF
DUNDALK-CARLINGFORD,"O’Hanlon, Tracy",F,0.057204427465961404,IFP
DUNDALK-CARLINGFORD,"O’Hare, Jamie",M,0.046331668135958466,LAB
DUNDALK-CARLINGFORD,"Reichenberg, Liam",M,0.02243118816730336,ANT
DUNDALK-CARLINGFORD,"REILLY, JOHN",M,0.08139876579488686,FG
DUNDALK-CARLINGFORD,"* WATTERS, ANTÓIN",M,0.1687726515819375,SF
DUNDALK SOUTH,"Atiroko, Seun Grace",F,0.0316555087197289,NON-P
DUNDALK SOUTH,"* BUTLER, MARIANNE",F,0.06529465245061575,GRN
DUNDALK SOUTH,"* COFFEY, EMMA",F,0.09595834366476569,FF
DUNDALK SOUTH,"English, Linus",M,0.05190511612529961,FG
DUNDALK SOUTH,"Hickey, James",M,0.02843210182659724,PBP
DUNDALK SOUTH,"Kieran, Barry",M,0.04198694106950988,INDI
DUNDALK SOUTH,"Mahapatra, Dilip",M,0.025291346392263825,NON-P
DUNDALK SOUTH,"MCCANN, SIONAINN",F,0.05884783866435243,SF
DUNDALK SOUTH,"MCGUINNESS, SHANE",M,0.08719728903215142,FF
DUNDALK SOUTH,"* MEENAN, KEVIN",M,0.08066782378708984,SF
DUNDALK SOUTH,"Myers, Jimmy",M,0.0524010248780891,SF
DUNDALK SOUTH,"* NASH, ROBERT",M,0.10711629060252914,FG
DUNDALK SOUTH,"Ó Mhurchú, Cathal",M,0.04628481692701876,IFP
DUNDALK SOUTH,"Smith, Aideen",F,0.04926026944375568,SF
DUNDALK SOUTH,"* YORE, MAEVE",F,0.17770063641623274,NON-P
BALLINA,"Alexander, David",M,0.08037653874004344,FF
BALLINA,"Beattie, Garie",M,0.015206372194062274,NON-P
BALLINA,"Cafolla, ANTonio",M,0.02059699090835948,SF
BALLINA,"Doocey, Joe",M,0.030815029366803443,NON-P
BALLINA,"* DUFFY, MARK",M,0.18730388607289403,NON-P
BALLINA,"FAUGHNAN, JOE",M,0.09091640518143053,NON-P
BALLINA,"Howley, Keith",M,0.005551532705768767,NON-P
BALLINA,"* LOFTUS, MICHAEL",M,0.10467455145224877,FF
BALLINA,"Morris, Úna",F,0.03813661597875935,SF
BALLINA,"Mullen, Jo",F,0.0065170166545981175,NON-P
BALLINA,"* MUNNELLY, JARLATH",M,0.07506637702148201,FG
BALLINA,"Nolan, Willie",M,0.026711722584278702,NON-P
BALLINA,"* O'HARA, JOHN",M,0.19237267680424813,FG
BALLINA,"* REAPE, ANNIE MAY",F,0.09469788398101214,FF
BALLINA,"Rouse, Hugh",M,0.03105640035401078,FG
BELMULLET,"Boxty Ó Conaill, Mícheál",M,0.01592703512115437,GRN
BELMULLET,"Carey, John Paul",M,0.04505853525728287,NON-P
BELMULLET,"* CAREY, SEAN",M,0.19806697522461203,FF
BELMULLET,"Chambers, Pat",M,0.1432071875850803,FG
BELMULLET,"* COYLE, GERRY",M,0.20677919956438878,FG
BELMULLET,"Dixon Lally, Rosaleen",F,0.14688265722842364,SF
BELMULLET,"Heneghan, Jay",M,0.006534168254832562,NON-P
BELMULLET,"* MCNAMARA, PAUL",M,0.23754424176422542,FF
CASTLEBAR,"BARRETT, HARRY",M,0.049483849483849485,NON-P
CASTLEBAR,"Browne, Aidan",M,0.010256410256410256,SD
CASTLEBAR,"* BURKE, CYRIL",M,0.09044289044289044,FG
CASTLEBAR,"Daly, Joe",M,0.016383616383616385,PBP
CASTLEBAR,"* DEERE, GER",M,0.1304029304029304,FG
CASTLEBAR,"* GAVIN, BLACKIE K",M,0.10163170163170163,FF
CASTLEBAR,"Geraghty, Donal",M,0.02943722943722944,INDI
CASTLEBAR,"Hyland, Donna",F,0.039893439893439894,SF
CASTLEBAR,"Uddin, Kamal",M,0.015184815184815185,LAB
CASTLEBAR,"Kerr, Stephen",M,0.05987345987345987,NON-P
CASTLEBAR,"* KILCOYNE, MICHAEL",M,0.16003996003996004,NON-P
CASTLEBAR,"Lavelle, Brendan",M,0.011455211455211455,NON-P
CASTLEBAR,"Loftus, Gerry",M,0.0360972360972361,NON-P
CASTLEBAR,"* MCDONNELL, AL",M,0.10862470862470862,FF
CASTLEBAR,"* McLoughlin, Martin",M,0.05561105561105561,FF
CASTLEBAR,"Moran, Tom",M,0.002797202797202797,TIP
CASTLEBAR,"O'Sullivan, Maura",F,0.01371961371961372,SF
CASTLEBAR,"Shalomon, Maksym",M,0.002331002331002331,NON-P
CASTLEBAR,"* SHERIDAN, DONNA",F,0.06633366633366633,FG
CLAREMORRIS,"* BURKE, MICHAEL",M,0.10646387832699619,FG
CLAREMORRIS,"Ceallaigh, Árón",M,0.006727113190991518,TIP
CLAREMORRIS,"* Connolly, Tom",M,0.08891488739397485,FG
CLAREMORRIS,"Devane, Mark",M,0.049429657794676805,INDI
CLAREMORRIS,"* FINN, RICHARD",M,0.13388417665984206,NON-P
CLAREMORRIS,"GALLAGHER, ALMA",F,0.10756069026031004,FG
CLAREMORRIS,"Kelly, Geraldine",F,0.011406844106463879,NON-P
CLAREMORRIS,"LAWLESS, PAUL",M,0.08606317636735887,ANT
CLAREMORRIS,"Nolan, Stephen",M,0.06434630008774496,FF
CLAREMORRIS,"* O'BRIEN, PATSY",M,0.20020473822755191,NON-P
CLAREMORRIS,"Phelan, Eamon",M,0.0227405674173735,SF
CLAREMORRIS,"* RYAN, DAMIEN",M,0.1181632056156771,FF
CLAREMORRIS,"Sweetman, Sandra",F,0.0040947645510383155,NON-P
SWINFORD,"* CAULFIELD, JOHN",M,0.15213400642496558,FF
SWINFORD,"* CRUISE, NEIL",M,0.1435291418081689,FG
SWINFORD,"* FORKAN, ADRIAN",M,0.16739329967875172,FF
SWINFORD,"Forkin, Sean",M,0.011473152822395595,NON-P
SWINFORD,"Gordon, Marion",F,0.021913721890775586,TIP
SWINFORD,"Horan, Tommy",M,0.07113354749885269,ANT
SWINFORD,"* MURRAY, GERRY",M,0.18207893529141808,SF
SWINFORD,"Peyton, ANToinette",F,0.10073428178063332,FG
SWINFORD,"Sheahan, John",M,0.14960991280403854,SF
WESTPORT,"* FLYNN, PETER",M,0.16727467811158797,FG
WESTPORT,"Gallagher, Karen",F,0.0463519313304721,SF
WESTPORT,"* Hyland, Christy",M,0.1310085836909871,NON-P
WESTPORT,"Keogh, Keira",F,0.12703862660944207,FG
WESTPORT,"MAXWELL, CHRIS",M,0.19238197424892703,INDI
WESTPORT,"McCormack, Niall",M,0.017167381974248927,IFP
WESTPORT,"* MULROY, BRENDAN",M,0.1424892703862661,FF
WESTPORT,"Nolan, Peter",M,0.03143776824034335,GRN
WESTPORT,"* O'MALLEY, JOHN",M,0.14484978540772533,NON-P
ASHBOURNE,"Ashbourne-Loftus, Cathal",M,0.006809066318440444,NON-P
ASHBOURNE,"Bobbett, Charles",M,0.014364331685477101,NON-P
ASHBOURNE,"* BONNER, JOE",M,0.250443055685104,NON-P
ASHBOURNE,"Czekalski, Marcin",M,0.001772222740416006,NON-P
ASHBOURNE,"Eskdale, Martina",F,0.015297080496222368,GRN
ASHBOURNE,"* JAMAL, SUZANNE",F,0.11603395205671113,FG
ASHBOURNE,"Mallon, Bryan",M,0.0528868575692566,FF
ASHBOURNE,"* MEYER, HELEN",F,0.050275160899169856,SF
ASHBOURNE,"Murray, Jean",F,0.023038895625408076,TNP
ASHBOURNE,"Murugadoss, Sivakumar",M,0.01604327954481858,NON-P
ASHBOURNE,"Nolan, Paul",M,0.04225352112676056,SD
ASHBOURNE,"Scott, Brandon",M,0.05260703292603302,ANT
ASHBOURNE,"* SMITH, AMANDA",F,0.1412181699468333,NON-P
ASHBOURNE,"* TOBIN, ALAN",M,0.1043745919223953,FG
ASHBOURNE,"* TORMEY, CONOR",M,0.07210148307060908,FF
ASHBOURNE,"Uí Ruairc, Maria",F,0.04048129838634456,SF
KELLS,"* BRAY, MIKE",M,0.08875225556372385,FF
KELLS,"CAFFREY, PETER",M,0.06596270801309898,SF
KELLS,"* CASSIDY, EUGENE",M,0.12250217202432667,FG
KELLS,"Corr, Cormac",M,0.036556840205841074,NON-P
KELLS,"Curran, Oliver ‘Figgy’",M,0.0638240994452984,SF
KELLS,"Devin, Peter",M,0.04718305152710018,ANT
KELLS,"* DREW, SEAN",M,0.09864332018980151,FF
KELLS,"* GALLAGHER, MICHAEL",M,0.0840740493216601,SF
KELLS,"* GILROY, DAVID",M,0.08226959834257835,NON-P
KELLS,"Mac an TSionnaigh, Colm",M,0.017175700060148368,INDI
KELLS,"* McCabe, Paul",M,0.053331551159526834,FF
KELLS,"McGee, Seamus",M,0.053331551159526834,FG
KELLS,"* REILLY, SARAH",F,0.13880906235380605,FG
KELLS,"Rennick, Paddy",M,0.04758404063356279,FF
LAYTOWN-BETTYSTOWN,"* Behan, Tom",M,0.0476013387876534,FF
LAYTOWN-BETTYSTOWN,"* HARDING, WAYNE",M,0.0950539233915954,FF
LAYTOWN-BETTYSTOWN,"* KEOGAN, GERALDINE",F,0.11439196727407959,NON-P
LAYTOWN-BETTYSTOWN,"LENNON, CAROL",F,0.06946820379323168,NON-P
LAYTOWN-BETTYSTOWN,"Lynch, Séamus",M,0.05533655634064708,SF
LAYTOWN-BETTYSTOWN,"Mac Réamoinn, Cathal",M,0.026552621792487914,GRN
LAYTOWN-BETTYSTOWN,"* McGinty, Elaine",F,0.05422089996281145,LAB
LAYTOWN-BETTYSTOWN,"* MCKEE, STEPHEN",M,0.11149126069170695,FF
LAYTOWN-BETTYSTOWN,"* MEADE, PADDY",M,0.10911119375232428,FG
LAYTOWN-BETTYSTOWN,"O'Neill, Declan",M,0.03198214949795463,FG
LAYTOWN-BETTYSTOWN,"Qevani, Marjeta",F,0.0037932316846411305,NON-P
LAYTOWN-BETTYSTOWN,"Smith, Patrick",M,0.007809594644849386,NON-P
LAYTOWN-BETTYSTOWN,"* TOLAN, SHARON",F,0.13253997768687245,FG
LAYTOWN-BETTYSTOWN,"Westlake, Raymond",M,0.015396058014131648,INDI
LAYTOWN-BETTYSTOWN,"Whelan, Peter",M,0.04648568240981778,ANT
LAYTOWN-BETTYSTOWN,"WHITE, MARIA",F,0.07876534027519524,SF
NAVAN,"* ADENUGA, YEMI",F,0.06311653569637185,FG
NAVAN,"Ali, Kashif",M,0.0580170540043471,FF
NAVAN,"Carroll, Niamh",F,0.01880956361812406,FF
NAVAN,"Cyriac, Jose",M,0.02783815415482361,ANT
NAVAN,"* DEANE, FRANCIS",M,0.09730814245109513,NON-P
NAVAN,"* FENNESSY, EDDIE",M,0.14303628155826784,SF
NAVAN,"* FITZSIMONS, PÁDRAIG",M,0.07691021568299615,FF
NAVAN,"Gillick, Edel",F,0.010533355626149474,NON-P
NAVAN,"Kelly, Ross",M,0.03686674469152316,FG
NAVAN,"* LAWES, ALAN",M,0.06470489884634677,NON-P
NAVAN,"McMenamin, Séamus",M,0.02917572312322354,GRN
NAVAN,"Murphy, Frances",F,0.020063534525998995,SF
NAVAN,"NELSON MURRAY, LINDA",F,0.07273031265674636,FG
NAVAN,"Ní Shluáin, Caoimhe",F,0.04280220698879786,SF
NAVAN,"O'Shea, David",M,0.02482862397592376,IFP
NAVAN,"O'Toole, Francis",M,0.014128072228724293,ANT
NAVAN,"* Reilly, Tommy",M,0.06637686005684668,FF
NAVAN,"* TÓIBÍN, EMER",F,0.13275372011369335,ANT
RATOATH,"Balfe, Eilish",F,0.03643907959260656,LAB
RATOATH,"BLAKE, FIONNAN",M,0.05228215767634855,SF
RATOATH,"Bonham, Ruadháin",M,0.021425877027536778,GRN
RATOATH,"Carroll, Eleanor",F,0.008072425499811391,NON-P
RATOATH,"Donohoe, John",M,0.06593738211995473,FF
RATOATH,"Fahy, Carolyn",F,0.006035458317615994,PAW
RATOATH,"* FITZGERALD, BRIAN",M,0.11225952470765749,NON-P
RATOATH,"* KILLIAN, NICK",M,0.07732930969445492,NON-P
RATOATH,"* MURPHY, MARIA",F,0.13534515277253867,FG
RATOATH,"Murray, Jean",F,0.023311957751791776,TNP
RATOATH,"Murtagh, Trish",F,0.015993964541682382,SF
RATOATH,"* O'CONNOR, GERRY",M,0.05688419464353074,FG
RATOATH,"* O'REILLY, CAROLINE",F,0.10811014711429649,FF
RATOATH,"O'Riordan, Fergus",M,0.02889475669558657,FG
RATOATH,"Rooney, Gerry",M,0.013428894756695587,TWP
RATOATH,"* TOOLE, GILLIAN",F,0.23824971708789136,NON-P
TRIM,"BOYNE, DAVE",M,0.0756935047361299,ANT
TRIM,"COFFEY, PADRAIG",M,0.07044993234100136,FF
TRIM,"* DEMPSEY, AISLING",F,0.08829499323410013,FF
TRIM,"Drew, Aoife",F,0.03382949932341001,SF
TRIM,"* FOX, JOE",M,0.1590832205683356,FG
TRIM,"* FRENCH, NOEL",M,0.33516576454668473,NON-P
TRIM,"* Golden, Trevor",M,0.040257104194857916,NON-P
TRIM,"Healy, Luba",F,0.03501353179972937,FG
TRIM,"McElhinney, Tracy",F,0.01496955345060893,LAB
TRIM,"McEvoy, Dáithí",M,0.036028416779431666,SF
TRIM,"* MOORE, RONAN",M,0.06748985115020298,SD
TRIM,"* Souhan, Niamh",F,0.04372462787550744,FG
BALLYBAY-CLONES,"Brady, Mark",M,0.049864114380243414,IFP
BALLYBAY-CLONES,"Connolly, John",M,0.03237622592461302,FF
BALLYBAY-CLONES,"* COYLE, SEAMUS",M,0.1967387451258419,FF
BALLYBAY-CLONES,"Durkan, Martina",F,0.049273307337823466,FF
BALLYBAY-CLONES,"FLYNN, SINÉAD",F,0.1402575918704951,SF
BALLYBAY-CLONES,"* GILLILAND, SEÁN",M,0.1434479498995628,FG
BALLYBAY-CLONES,"Larkin, Olivia",F,0.07373271889400922,ANT
BALLYBAY-CLONES,"* TREANOR, PAT",M,0.12773248257119224,SF
BALLYBAY-CLONES,"* TRUELL, RICHARD",M,0.18657686399621884,FG
CARRICKMACROSS-CASTLEBLAYNEY,"* CAMPBELL, AIDAN",M,0.14016064257028113,FG
CARRICKMACROSS-CASTLEBLAYNEY,"* CARTHY, COLM",M,0.13674698795180723,SF
CARRICKMACROSS-CASTLEBLAYNEY,"* CONLON, PETER",M,0.09769076305220883,FG
CARRICKMACROSS-CASTLEBLAYNEY,"Donnelly, Tate",M,0.04457831325301205,GRN
CARRICKMACROSS-CASTLEBLAYNEY,"Duffy, James",M,0.030923694779116467,ANT
CARRICKMACROSS-CASTLEBLAYNEY,"GIBBONS, PAUL",M,0.09257028112449799,SF
CARRICKMACROSS-CASTLEBLAYNEY,"Hanratty, Seamus",M,0.05401606425702811,NON-P
CARRICKMACROSS-CASTLEBLAYNEY,"* KEELAN, NOEL",M,0.11997991967871485,SF
CARRICKMACROSS-CASTLEBLAYNEY,"Kindlon, Aoife",F,0.06997991967871486,SF
CARRICKMACROSS-CASTLEBLAYNEY,"McCooey, Aoife",F,0.06495983935742972,FF
CARRICKMACROSS-CASTLEBLAYNEY,"* O'HANLON, P.J.",M,0.14839357429718875,FF
MONAGHAN,"* AUGHEY, RAYMOND",M,0.11424211597151576,FF
MONAGHAN,"* BENNETT, CATHY",F,0.12533062054933877,SF
MONAGHAN,"Clerkin, Brian 'Beano'",M,0.0711088504577823,FF
MONAGHAN,"CLERKIN, PAURIC",M,0.10244150559511699,FG
MONAGHAN,"* CONLON, SEÁN",M,0.08758901322482197,SF
MONAGHAN,"* Connolly, Paudge",M,0.0634791454730417,NON-P
MONAGHAN,"Grenham, Paddy",M,0.006103763987792472,NON-P
MONAGHAN,"* MAXWELL, DAVID",M,0.09664292980671414,FG
MONAGHAN,"MCAREE, BRONAGH",F,0.0787385554425229,SF
MONAGHAN,"McCooey, Niamh",F,0.0646998982706002,SF
MONAGHAN,"Mee, Jimmy 'Stavrous'",M,0.0013224821973550356,NON-P
MONAGHAN,"O'Higgins, Denis",M,0.006612410986775178,NON-P
MONAGHAN,"Pauliukonis, Deividas",M,0.009562563580874872,GRN
MONAGHAN,"Treanor, Eamon",M,0.044354018311291966,FF
MONAGHAN,"* TREANOR, SEAMUS",M,0.10966429298067142,NON-P
MONAGHAN,"Walker, Colin",M,0.018107833163784334,NON-P
BIRR,"Boylan, Mike",M,0.04031719532554257,NON-P
BIRR,"Buckley, Martin",M,0.035809682804674454,NON-P
BIRR,"Claffey, Aubrey",M,0.0159432387312187,ANT
BIRR,"* Claffey, Clare",F,0.050333889816360604,SD
BIRR,"* CLENDENNEN, JOHN",M,0.13038397328881468,FG
BIRR,"Daly, Barbara",F,0.07337228714524208,FF
BIRR,"Deegan, Michael",M,0.03171953255425709,NON-P
BIRR,"EGAN, HUGH",M,0.09774624373956595,FG
BIRR,"HENNESSY-KENNEDY, AUDREY",F,0.06919866444073455,FF
BIRR,"Kelly, Garrett",M,0.005926544240400668,NON-P
BIRR,"Koneva, Ekaterina",F,0.011936560934891486,GRN
BIRR,"* LEAHY, JOHN",M,0.15158597662771287,NON-P
BIRR,"MAHER, SEAN",M,0.07729549248747913,SF
BIRR,"O'Meara, Jonathan",M,0.046243739565943236,NON-P
BIRR,"* ORMOND, PETER",M,0.16218697829716194,FF
EDENDERRY,"* CRIBBIN, NOEL",M,0.10180530164533821,FG
EDENDERRY,"* FITZPATRICK, EDDIE",M,0.22829067641681902,FF
EDENDERRY,"* Hackett, Mark",M,0.030850091407678245,GRN
EDENDERRY,"* McDermott, Robert",M,0.07015539305301645,FF
EDENDERRY,"MCDONNELL, FERGUS",M,0.15082266910420475,INDI
EDENDERRY,"McNamee, John",M,0.0704981718464351,SD
EDENDERRY,"MURRAY, CLAIRE",F,0.0740402193784278,SF
EDENDERRY,"MURRAY ., CLAIRE.",F,0.12957038391224862,FF
EDENDERRY,"* QUINN, LIAM",M,0.12180073126142596,FG
EDENDERRY,"Ryan, Rory",M,0.02216636197440585,SF
TULLAMORE,"Broder, Patrick",M,0.03581526861451461,IFP
TULLAMORE,"BRYANT, OLLIE",M,0.10127666866592408,FF
TULLAMORE,"Dillon, Deirdre",F,0.0132807814240425,NON-P
TULLAMORE,"Farrell, Tim",M,0.01722217462085511,SF
TULLAMORE,"* Feehan-Smollen, Sandy",F,0.06700368434581441,NON-P
TULLAMORE,"* FEIGHERY, NEIL",M,0.16810898809013794,FG
TULLAMORE,"* HARVEY, DECLAN",M,0.10873104275554794,FF
TULLAMORE,"MASTERSON, AOIFE",F,0.10418987233313341,SF
TULLAMORE,"* MCCORMACK, TONY",M,0.11361494302116357,FF
TULLAMORE,"* MORAN, FRANK",M,0.12244023648359181,FF
TULLAMORE,"* O'BRIEN, SEAN",M,0.11455745008996658,NON-P
TULLAMORE,"Walsh, Liam",M,0.03375888955530803,GRN
ATHLONE,"Brooks, Sam",M,0.052454675086575676,SF
ATHLONE,"CONNOLLY, DOMNICK",M,0.04909350173151355,FG
ATHLONE,"* FALLON, LAURENCE",M,0.1224281931146873,NON-P
ATHLONE,"Harney, Joe",M,0.04125076390303524,SF
ATHLONE,"* KELLY, EMER",F,0.19820737421063353,NON-P
ATHLONE,"* KEOGH, JOHN",M,0.09482583010796496,FF
ATHLONE,"Murray, James",M,0.05571399470360562,FF
ATHLONE,"* NAUGHTEN, JOHN",M,0.17824404155632512,FG
ATHLONE,"Naughton, Dominic",M,0.025870849460175187,NON-P
ATHLONE,"* WARD, TONY",M,0.18191077612548381,NON-P
BOYLE,"Ali, Majid",M,0.008341382035297216,NON-P
BOYLE,"Alsani, Fayiz",M,0.012292562999385371,ANT
BOYLE,"Beirne, Angela",F,0.051716568618842745,SF
BOYLE,"* BYRNE, VALERIE",F,0.13741329352884363,NON-P
BOYLE,"* CALLAGHAN, LIAM",M,0.0655017999824392,FG
BOYLE,"* CROSBY, TOM",M,0.09351128281675301,NON-P
BOYLE,"CULL, LEAH",F,0.12433049433664062,SF
BOYLE,"Daly-Finn, Dympna",F,0.07682851874615858,FG
BOYLE,"Forde, Paul",M,0.07287733778207042,INDI
BOYLE,"FRAIN, MICHEÁL",M,0.11897444902976556,NON-P
BOYLE,"Hussain, Sajjad [Saj]",M,0.03608745280533848,NON-P
BOYLE,"MOYLAN, SEAN",M,0.1122135393801036,FF
BOYLE,"Ó Miadh, Caoimhín",M,0.0040389849855123365,NON-P
BOYLE,"Sampey, Aidan",M,0.03766792519097375,FF
BOYLE,"Shanahan, Edmund",M,0.01079989463517429,TIP
BOYLE,"Williams Doyle, Rory",M,0.037404513126701205,SF
ROSCOMMON,"BRENNAN, LARRY",M,0.11481694460417864,FF
ROSCOMMON,"* DINEEN, NIGEL",M,0.12440099674142227,INDI
ROSCOMMON,"Finnegan, Cathal",M,0.007283879624305156,TIP
ROSCOMMON,"* FITZMAURICE, PASCHAL",M,0.1775924861031244,FF
ROSCOMMON,"Hester, Paul",M,0.014471918727237876,GRN
ROSCOMMON,"McConn, Robert",M,0.07120950737972015,FG
ROSCOMMON,"* MCDERMOTT, MARTY",M,0.15583668775158138,FF
ROSCOMMON,"McDonagh, Christine",F,0.0631589035844355,SF
ROSCOMMON,"SCAHILL, GARETH",M,0.11194172896300555,FG
ROSCOMMON,"Slamen, Justin",M,0.026068621813302665,IFP
ROSCOMMON,"* WALDRON, ANTHONY [TONY]",M,0.1332183247076864,NON-P
BALLYMOTE-TOBERCURRY,"BRENNAN, LIAM",M,0.08084869479153779,FF
BALLYMOTE-TOBERCURRY,"* CLARKE, MICHAEL",M,0.10967462575776321,NON-P
BALLYMOTE-TOBERCURRY,"Cleary, Patrick",M,0.06210565384139552,FG
BALLYMOTE-TOBERCURRY,"* Connolly, Martin",M,0.06866262526289744,FG
BALLYMOTE-TOBERCURRY,"Conway, James",M,0.0368674996907089,IFP
BALLYMOTE-TOBERCURRY,"GALLAGHER, BARRY",M,0.07707534331312632,FF
BALLYMOTE-TOBERCURRY,"Gorman, Jason",M,0.021341086230360014,SF
BALLYMOTE-TOBERCURRY,"Hendrick, Emma",F,0.012557218854385748,PBP
BALLYMOTE-TOBERCURRY,"Henry, Keith",M,0.06556971421501917,FF
BALLYMOTE-TOBERCURRY,"* MULLANEY, GERARD",M,0.1066435729308425,FG
BALLYMOTE-TOBERCURRY,"* MULVEY, DARA",M,0.10305579611530373,FG
BALLYMOTE-TOBERCURRY,"O'Connor, Donal",M,0.01868118272918471,SF
BALLYMOTE-TOBERCURRY,"QUEENAN, JOSEPH",M,0.0942100705183719,NON-P
BALLYMOTE-TOBERCURRY,"* TAYLOR, PAUL",M,0.11901521712235556,FF
BALLYMOTE-TOBERCURRY,"Van Aswegen, Jennifer",F,0.023691698626747495,SF
SLIGO-DRUMCLIFF,"* CASSERLY, MARIE",F,0.15104278649752742,NON-P
SLIGO-DRUMCLIFF,"De Salle, Rob",M,0.0122554289400129,TIP
SLIGO-DRUMCLIFF,"* Fox, Tom",M,0.10836379273274564,FG
SLIGO-DRUMCLIFF,"Gallagher, Amanda",F,0.032036121264244245,IFP
SLIGO-DRUMCLIFF,"* GILROY, DÓNAL",M,0.12502687594065792,FF
SLIGO-DRUMCLIFF,"* HEALY, THOMAS.",M,0.15577295205332187,SF
SLIGO-DRUMCLIFF,"Mc Gurran, Colm",M,0.04525908406794238,NON-P
SLIGO-DRUMCLIFF,"MC SHARRY, EDEL",F,0.14265749301225542,FF
SLIGO-DRUMCLIFF,"Piwowarczyk, Agnieszka",F,0.024295850354762418,GRN
SLIGO-DRUMCLIFF,"* WALSH, THOMAS",M,0.20328961513652977,FG
SLIGO-STRANDHILL,"* BREE, DECLAN",M,0.18484666265784727,NON-P
SLIGO-STRANDHILL,"COSGROVE, NESSA",F,0.10114251352976548,LAB
SLIGO-STRANDHILL,"Donnelly, Pauline",F,0.03884546001202646,SF
SLIGO-STRANDHILL,"Filan, Finbarr",M,0.04882742032471437,NON-P
SLIGO-STRANDHILL,"* GIBBONS, ARTHUR",M,0.08911605532170776,SF
SLIGO-STRANDHILL,"Gogan, Johnny",M,0.025616355983162958,GRN
SLIGO-STRANDHILL,"Kelly, Michael",M,0.021888153938665063,TIP
SLIGO-STRANDHILL,"Kilgannon, Seamus",M,0.05508117859290439,FF
SLIGO-STRANDHILL,"Lawlor, Jim",M,0.015273601924233313,NON-P
SLIGO-STRANDHILL,"Mac Conville, Diarmuid",M,0.0038484666265784727,NON-P
SLIGO-STRANDHILL,"* MAC SHARRY, TOM",M,0.16524353577871317,FF
SLIGO-STRANDHILL,"Monaghan, Graham",M,0.022369212266987373,ANT
SLIGO-STRANDHILL,"NEALON, FERGAL",M,0.13926638604930847,FG
SLIGO-STRANDHILL,"* O’BOYLE, GINO",M,0.08863499699338545,PBP
CLONDALKIN,"Adedeji, Sarah",F,0.054526990078900085,FG
CLONDALKIN,"ADELAIDE, DARRAGH",M,0.0890555425357394,PBP
CLONDALKIN,"* CAREY, WILLIAM",M,0.07538473556753379,SF
CLONDALKIN,"Conlon, Trevor",M,0.029372705257401766,NON-P
CLONDALKIN,"DECOURCY, LINDA",F,0.07593156784626201,INDI
CLONDALKIN,"* Donaghy, Laura",F,0.015389422701351458,GRN
CLONDALKIN,"Ellul, Josh",M,0.017576751816264353,LAB
CLONDALKIN,"* GILLIGAN, TREVOR",M,0.07835325365205843,FF
CLONDALKIN,"Hampson, Mark",M,0.031481915475353485,SF
CLONDALKIN,"Kozyrev, Viktor",M,0.010546051089758613,NON-P
CLONDALKIN,"Masinga, Rosemary",F,0.019451605343332554,SF
CLONDALKIN,"Nugent, Joseph",M,0.033669244590266385,SF
CLONDALKIN,"* Ó BROIN, EOIN",M,0.0703851261620186,SD
CLONDALKIN,"* O'HARA, SHIRLEY",F,0.07710335130067963,FG
CLONDALKIN,"Power, Ciaran",M,0.07272869307085383,FF
CLONDALKIN,"Rizvi, Mahim",M,0.002343566908835247,NON-P
CLONDALKIN,"Robinson, Lauralee",F,0.028279040699945315,TIP
CLONDALKIN,"Tierney, Lynn",F,0.05187094758222014,SD
CLONDALKIN,"* TIMMONS, FRANCIS",M,0.1553003671588157,NON-P
CLONDALKIN,"Ullah, Kahir",M,0.011249121162409188,NON-P
FIRHOUSE-BOHERNABREENA,"* LAWLOR, BRIAN",M,0.20839770971553212,FG
FIRHOUSE-BOHERNABREENA,"BARNES, SARAH",F,0.09088430428065074,FG
FIRHOUSE-BOHERNABREENA,"Holland, Sarah",F,0.0433518131418704,SF
FIRHOUSE-BOHERNABREENA,"MANNION, RÓISÍN",F,0.05362173952558393,SF
FIRHOUSE-BOHERNABREENA,"Foster, Philomena",F,0.032082159411069705,PBP
FIRHOUSE-BOHERNABREENA,"Reddin, Nicholas",M,0.016359174770517133,NON-P
FIRHOUSE-BOHERNABREENA,"Meany, Helen",F,0.05298554939561938,SD
FIRHOUSE-BOHERNABREENA,"* EDGE, ALAN",M,0.23429973643551757,NON-P
FIRHOUSE-BOHERNABREENA,"* MURPHY, EMMA",F,0.16940834317913298,FF
FIRHOUSE-BOHERNABREENA,"* Hagin Meade, Lyn",F,0.05253112787421612,GRN
FIRHOUSE-BOHERNABREENA,"Mac Oireachtaigh, Yan",M,0.046078342270289924,TNP
LUCAN,"COYLE, ROBERt",M,0.03185319830347096,TIP
LUCAN,"BRADY, CAROLINE",F,0.10378256729853717,FG
LUCAN,"* CASSERLY, VICKI",F,0.13624166883060676,FG
LUCAN,"* Ó BRADAIGH, DERREn",M,0.057041461092356964,SF
LUCAN,"DWYER, LORRAINe",F,0.0270059724746819,SF
LUCAN,"AGBANA, EBEn",M,0.00796329957586774,NON-P
LUCAN,"KUNJALAKATU, JOSEPH ROy",M,0.02795810611962261,NON-P
LUCAN,"NOLAN, STEPHEn",M,0.033151562364753744,SD
LUCAN,"SHAH, KAMAl",M,0.045096511728555354,NON-P
LUCAN,"KERINS, MARk",M,0.03271877434432615,PBP
LUCAN,"CONWAY, FRANk",M,0.03116073747078681,FF
LUCAN,"* O'TOOLE, LIONA",F,0.10655241062927379,NON-P
LUCAN,"* GOGARTY, PAUL NICHOLAS",M,0.231195360512421,NON-P
LUCAN,"RAM, JITHIn",M,0.051242101618627196,GRN
LUCAN,"* TUFFY, JOANNA",F,0.07703626763611184,LAB
PALMERSTOWN-FONTHILL,"* Gogarty, Paul Nicholas",M,0.0722170638605179,NON-P
PALMERSTOWN-FONTHILL,"Jahanzab, Sikandar",M,0.025585474053440627,FG
PALMERSTOWN-FONTHILL,"Griffin, Emma",F,0.039925719591457756,FG
PALMERSTOWN-FONTHILL,"Ó Murchú, Cathal",M,0.031569173630454965,SF
PALMERSTOWN-FONTHILL,"Nolan, Ruth",F,0.0323945115031466,SF
PALMERSTOWN-FONTHILL,"FENNEL, NIAMH",F,0.0874858145053131,SF
PALMERSTOWN-FONTHILL,"Loftus, Daniel",M,0.07056638811513463,SF
PALMERSTOWN-FONTHILL,"MOORE, GLEN",M,0.09945321365934179,IFP
PALMERSTOWN-FONTHILL,"* HAYES, ALAN",M,0.13772825750541628,NON-P
PALMERSTOWN-FONTHILL,"* MOYNIHAN, SHANE",M,0.13906943154854018,FF
PALMERSTOWN-FONTHILL,"Fitzgerald, Shane",M,0.02073661405137728,NON-P
PALMERSTOWN-FONTHILL,"Gardiner, David",M,0.037552873207469306,TWP
PALMERSTOWN-FONTHILL,"* JOHANSSON, MADELEINE",F,0.07861343237387805,PBP
PALMERSTOWN-FONTHILL,"Olatunji, Funmi Soyemi",F,0.014340245538017125,LAB
PALMERSTOWN-FONTHILL,"Doran, Karla",F,0.022593624264933457,GRN
PALMERSTOWN-FONTHILL,"Callaghan, Gavin",M,0.0211492829877231,NON-P
PALMERSTOWN-FONTHILL,"Quinn, Colm",M,0.06901887960383782,ANT
RATHFARNHAM-TEMPLEOGUE,"MAC OIREACHTAIGH, YAn",M,0.018606101553973287,TNP
RATHFARNHAM-TEMPLEOGUE,"* MCMANUS, DAVID",M,0.06714827711657398,FG
RATHFARNHAM-TEMPLEOGUE,"* MCCRAVE, LYNN",F,0.0841952081492646,FG
RATHFARNHAM-TEMPLEOGUE,"DILLION, ANNe",F,0.040538433553349615,SF
RATHFARNHAM-TEMPLEOGUE,"FANNING, ENDa",M,0.017514682189075412,SF
RATHFARNHAM-TEMPLEOGUE,"KELLY, CONOr",M,0.029728184605789718,PBP
RATHFARNHAM-TEMPLEOGUE,"* SINNOTT, JUSTIN",M,0.05488280234915025,SD
RATHFARNHAM-TEMPLEOGUE,"* MCMAHON, RONAN",M,0.14931656358817108,NON-P
RATHFARNHAM-TEMPLEOGUE,"* KEARNS, PAMELA",F,0.17363962372018085,LAB
RATHFARNHAM-TEMPLEOGUE,"AHERN, CIARÁN",M,0.10514006548516189,LAB
RATHFARNHAM-TEMPLEOGUE,"* GUERET, LILIAn",F,0.055766332311210434,FF
RATHFARNHAM-TEMPLEOGUE,"* COLLINS, YVONNE",F,0.08788524504963359,FF
RATHFARNHAM-TEMPLEOGUE,"* LYNCH, MARk",M,0.0538433553349618,GRN
RATHFARNHAM-TEMPLEOGUE,"RAFFERTY, CONOr",M,0.014396341146510056,TIP
RATHFARNHAM-TEMPLEOGUE,"O’KEEFFE, COLm",M,0.003793981601787849,NON-P
RATHFARNHAM-TEMPLEOGUE,"MCMAHON, CONOr",M,0.04360480224520555,FG
TALLAGHT-CENTRAL,"HARRINGTON, KEn",M,0.034335443037974686,NON-P
TALLAGHT-CENTRAL,"PEREPPADAN, BRITTO",M,0.12199367088607595,FG
TALLAGHT-CENTRAL,"DUGGAN, SHANe",M,0.047547468354430376,SF
TALLAGHT-CENTRAL,"RUSSELL, ROBERt",M,0.020965189873417722,SF
TALLAGHT-CENTRAL,"WHELAN, NIAMH",F,0.044857594936708864,SF
TALLAGHT-CENTRAL,"MCCANN, CORa",F,0.0442246835443038,SF
TALLAGHT-CENTRAL,"SPEAR, JESS",F,0.06795886075949367,PBP
TALLAGHT-CENTRAL,"OWENS, JIMMy",M,0.020490506329113926,NON-P
TALLAGHT-CENTRAL,"* MAHON, KIERAn",M,0.052927215189873415,PBP
TALLAGHT-CENTRAL,"* COSTELLO, TERESA",F,0.152373417721519,FF
TALLAGHT-CENTRAL,"KAVANAGH, THYEs",M,0.02966772151898734,FF
TALLAGHT-CENTRAL,"* MULHALL, VANESSa",F,0.01977848101265823,GRN
TALLAGHT-CENTRAL,"* DUFF, MICK",M,0.1533227848101266,NON-P
TALLAGHT-CENTRAL,"NI CHONARAIN, SAOIRSe",F,0.03599683544303797,ANT
TALLAGHT-CENTRAL,"DWYER, PHILIp",M,0.0439873417721519,IF
TALLAGHT-CENTRAL,"* HOLOHAN, PATRICK PEARSE",M,0.07650316455696203,NON-P
TALLAGHT-CENTRAL,"DALY, DAVe",M,0.023496835443037975,IF
TALLAGHT-CENTRAL,"MAC OIREACHTAIGH, YAn",M,0.009572784810126583,TNP
TALLAGHT-SOUTH,"MAC OIREACHTAIGH, YAn",M,0.05318302387267904,TNP
TALLAGHT-SOUTH,"* HOLOHAN, PATRICK PEARSE",M,0.21790450928381963,NON-P
TALLAGHT-SOUTH,"* PEREPPADAN, BABY",M,0.15543766578249338,FG
TALLAGHT-SOUTH,"CLINTON, ANTHONy",M,0.04482758620689655,SF
TALLAGHT-SOUTH,"* KING, CATHAl",M,0.08713527851458885,SF
TALLAGHT-SOUTH,"* DUNNE, LOUISE",F,0.07294429708222812,SF
TALLAGHT-SOUTH,"CONLON, GERALDINe",F,0.012599469496021221,NON-P
TALLAGHT-SOUTH,"KEANE, KAY",F,0.07413793103448275,PBP
TALLAGHT-SOUTH,"* RICHARDSON, DERMOT",M,0.08938992042440318,NON-P
TALLAGHT-SOUTH,"NUGENT, PATRICe",F,0.009814323607427056,PAW
TALLAGHT-SOUTH,"* WHELAN, LEAh",F,0.052652519893899206,PBP
TALLAGHT-SOUTH,"MCENEANEY, SUZANNe",F,0.011007957559681697,GRN
TALLAGHT-SOUTH,"SMYTH, ADAm",M,0.027453580901856765,FF
TALLAGHT-SOUTH,"PRENDERGAST, LYNDa",F,0.09151193633952255,FF
CAHIR,"* ANGLIM, MICHEÁL",M,0.12613114297647224,FF
CAHIR,"ENGLISh, PJ",M,0.0481692885980788,FF
CAHIR,"FITZGERALD, BILl",M,0.01851594041486844,NON-P
CAHIR,"HENNESSY, TOm",M,0.057636085201169425,NON-P
CAHIR,"* MCGRATH, MÁIRÍN",F,0.2894333843797856,NON-P
CAHIR,"* MOLONEY, ANDY",M,0.24530140609773074,NON-P
CAHIR,"MOYNIHAN, ALAn",M,0.013782542113323124,SD
CAHIR,"* MURPHY, MARIE",F,0.1605178894612279,FG
CAHIR,"Ó HÉANNA, CATHAl",M,0.030906306557148825,SF
CAHIR,"SMITH, SHANe",M,0.009606014200194905,NON-P
CARRICK-ON-SUIR,"* BOURKE, KIERAN",M,0.14745219409749089,FF
CARRICK-ON-SUIR,"BRENNAN, MICHAEL 'CHICKEN'",M,0.16425334364982866,LAB
CARRICK-ON-SUIR,"* DUNNE, DAVID",M,0.1833757046534763,SF
CARRICK-ON-SUIR,"* FITZGERALD, MARK",M,0.1480048634906599,FG
CARRICK-ON-SUIR,"* GOLDSBORO, IMELDA",F,0.20979330164695478,FF
CARRICK-ON-SUIR,"MURPHY, MARTIn",M,0.03304962971150658,IFP
CARRICK-ON-SUIR,"* O'MEARA, KEVIn",M,0.1140709627500829,NON-P
CASHEL-TIPPERARY,"* BLACK, TONy",M,0.05673986215739702,SF
CASHEL-TIPPERARY,"BROWNE, LIAM",M,0.13343484532777689,NON-P
CASHEL-TIPPERARY,"BROWNE, MOLLy",F,0.013944542394614522,SF
CASHEL-TIPPERARY,"* BURGESS, DECLAN",M,0.14842122134957525,FG
CASHEL-TIPPERARY,"* CROSSE, JOHN",M,0.08198429235454399,FG
CASHEL-TIPPERARY,"FINNAN, JACQUi",F,0.032617406635678796,FF
CASHEL-TIPPERARY,"FOGARTY, MATTHEw",M,0.027247956403269755,FG
CASHEL-TIPPERARY,"* HANNA HOURIGAN, MARY",F,0.0922423465298926,FG
CASHEL-TIPPERARY,"* KENNEDY, ROGER",M,0.09761179676230165,FF
CASHEL-TIPPERARY,"MCGRATH, JOHn",M,0.03053373938131111,TNP
CASHEL-TIPPERARY,"O'DONNELL, PEADAr",M,0.02075653149543196,NON-P
CASHEL-TIPPERARY,"O'HENEY, JOHN",M,0.2030774162526046,NON-P
CASHEL-TIPPERARY,"* RYAN SHINER, ANNEMARIE",F,0.06138804295560186,SF
CLONMEL,"* AMBROSE, SIOBHÁN",F,0.1554436105685206,FF
CLONMEL,"DEMPSEY, DEIRDRe",F,0.03300092525958672,NON-P
CLONMEL,"* DENNEHY, NIALL P",M,0.06384291148349953,NON-P
CLONMEL,"DINGIVAN, NATASHa",F,0.028991467050478052,SF
CLONMEL,"* ENGLISH, PAT",M,0.16181762105479594,WUA
CLONMEL,"* FITZGERALD, JOHN",M,0.11658270792639046,FG
CLONMEL,"JOHNSON, TERESa",F,0.03217847229361571,WUA
CLONMEL,"MADIGAN, MYRIAm",F,0.01624344607792742,GRN
CLONMEL,"MCGRATH, DEAn",M,0.03289811863884034,SF
CLONMEL,"* MOLLOY, RICHIE",M,0.07669373907679655,NON-P
CLONMEL,"* MURPHY, MICHAEL",M,0.28230698056954867,FG
NENAGH,"* HANNIGAN, JOE",M,0.2137046607330845,NON-P
NENAGH,"MAHER, ELEANOr",F,0.07062876830318691,FG
NENAGH,"MORGAN WALSH, LOUISE",F,0.11580055507704086,LAB
NENAGH,"* MORRIS, SÉAMUS",M,0.13723801320700546,NON-P
NENAGH,"O'DONOGHUE, DAMIAn",M,0.10489042013589817,SF
NENAGH,"* O'MEARA, MICHAEL",M,0.1743707531821227,NON-P
NENAGH,"O'MEARA, RYAN",M,0.14613838644846397,FF
NENAGH,"POCOCK, IVa",F,0.037228442913197435,GRN
NEWPORT,"AHERN, DAVId",M,0.015413070283600493,NON-P
NEWPORT,"* BONFIELD, FIONA",F,0.28927250308261404,LAB
NEWPORT,"* BUGLER, DR PHYLL",F,0.20172626387176326,FG
NEWPORT,"* CARROLL, JOHN",M,0.15400739827373613,FF
NEWPORT,"O'GORMAN, EDDIe",M,0.07324290998766954,INDI
NEWPORT,"QUIRKE O'MEARA, PAMELA",F,0.20530209617755857,NON-P
NEWPORT,"RYAN, GAVIn",M,0.06103575832305795,SF
ROSCREA-TEMPLEMORE,"KENNEDY, WILLIAM",M,0.1370996761424973,FG
ROSCREA-TEMPLEMORE,"* LEE, SHANE",M,0.26760225500779655,NON-P
ROSCREA-TEMPLEMORE,"LEWIS, JORDAn",M,0.014993402902722802,LAB
ROSCREA-TEMPLEMORE,"MALONEY, AISLINg",F,0.014033825116948543,GRN
ROSCREA-TEMPLEMORE,"* MORAN, EDDIE",M,0.17068489864459638,NON-P
ROSCREA-TEMPLEMORE,"Ó CONCHÚIR, BRENDÁn",M,0.0375434808684179,SF
ROSCREA-TEMPLEMORE,"RYAN, DEIRDRE MARIa",F,0.06297229219143577,FF
ROSCREA-TEMPLEMORE,"* SMITH, MICHAEL",M,0.29507016912558476,FF
THURLES,"CAHILL SKEHAN, KAY",F,0.14882422420272737,FF
THURLES,"HARTY, DAn",M,0.07967357457317728,SF
THURLES,"* LOWRY, MICHEÁL",M,0.2345108987436916,NON-P
THURLES,"* RYAN, JIM",M,0.2614624718135939,NON-P
THURLES,"* RYAN, PEGGY",F,0.09964565660904112,FG
THURLES,"* RYAN, SEAN",M,0.1758831740577687,FF
DUNGARVAN,"* CRONIN, TOM",M,0.1340745585349902,FF
DUNGARVAN,"Curran, Padraic",M,0.004142140832788315,NON-P
DUNGARVAN,"* D. MCGUINNESS, CONOR",M,0.15347721822541965,SF
DUNGARVAN,"GEOGHEGAN, DAMIEN",M,0.17266187050359713,FG
DUNGARVAN,"Hallahan, Caren",F,0.032156093307172444,NON-P
DUNGARVAN,"Joyce, Aaron",M,0.014279485502507086,NON-P
DUNGARVAN,"Morrison, Roger",M,0.00763025942882058,NON-P
DUNGARVAN,"Murphy, Monica",F,0.051013734466971876,FG
DUNGARVAN,"* NUGENT, PAT",M,0.11696097667320689,FG
DUNGARVAN,"* O'Donnell, Séamus",M,0.050359712230215826,NON-P
DUNGARVAN,"Ó Faoláin, Críostóir",M,0.037606278613472856,GRN
DUNGARVAN,"O RIORDAN, JOE",M,0.0683453237410072,NON-P
DUNGARVAN,"* PHELAN, THOMAS",M,0.08567691301504252,LAB
DUNGARVAN,"Regan, Fiona",F,0.02223675604970569,SF
DUNGARVAN,"Shaw, Jonathan",M,0.02659690429474602,NON-P
DUNGARVAN,"Whelan, Siobhán",F,0.022781774580335732,SF
LISMORE,"Buckley, Brian",M,0.15153279006596818,NON-P
LISMORE,"* Doocey, Declan",M,0.1086534730306558,FG
LISMORE,"Glasscoe, Lynne",F,0.02813348855258052,GRN
LISMORE,"McCarthy, Michael",M,0.012805587892898719,TIP
LISMORE,"MULCAHY, DONNCHADH",M,0.19169577027551415,SF
LISMORE,"O'DONOVAN, NIAMH",F,0.15541327124563445,FG
LISMORE,"Power, Frank",M,0.024447031431897557,NON-P
LISMORE,"* PRATT, JOHN",M,0.18587504850601475,LAB
LISMORE,"Walsh, Michael J.",M,0.14144353899883585,FF
PORTLAW-KILMACTHOMAS,"* BRAZIL, LIAM",M,0.2544940934771443,FG
PORTLAW-KILMACTHOMAS,"BURKE, CATHERINE",F,0.07704160246533127,SF
PORTLAW-KILMACTHOMAS,"* CLUNE, DECLAN",M,0.11530559835644581,NON-P
PORTLAW-KILMACTHOMAS,"Conway, Frank",M,0.06086286594761171,NON-P
PORTLAW-KILMACTHOMAS,"Duggan, Ben",M,0.04391371340523883,SF
PORTLAW-KILMACTHOMAS,"Guiry, Thomas",M,0.04070364663585003,SF
PORTLAW-KILMACTHOMAS,"Murphy, Ray",M,0.05431432973805855,FF
PORTLAW-KILMACTHOMAS,"* O'LEARY, JOHN",M,0.14175654853620956,FF
PORTLAW-KILMACTHOMAS,"Power, Declan",M,0.012069851052901901,TIP
PORTLAW-KILMACTHOMAS,"* POWER, SEANIE",M,0.19953775038520802,FG
TRAMORE-WATERFORD CITY WEST,"Cleary, Ronan",M,0.03342245989304813,ANT
TRAMORE-WATERFORD CITY WEST,"* CONWAY, JOE",M,0.10585804569761789,NON-P
TRAMORE-WATERFORD CITY WEST,"Dooley, SamANTha",F,0.009844433641225085,PAW
TRAMORE-WATERFORD CITY WEST,"Duffin, Susan",F,0.03937773456490034,SF
TRAMORE-WATERFORD CITY WEST,"Gallwey, Michael",M,0.018351968886728246,IndI
TRAMORE-WATERFORD CITY WEST,"* GRIFFIN, JIM",M,0.08981526494895478,SF
TRAMORE-WATERFORD CITY WEST,"HANNIGAN, BLAISE",M,0.111934856587263,NON-P
TRAMORE-WATERFORD CITY WEST,"Hayes, John",M,0.02977637335926106,SF
TRAMORE-WATERFORD CITY WEST,"Hayes, Richie",M,0.02916869227029655,FG
TRAMORE-WATERFORD CITY WEST,"Hutchinson Smith, Alana",F,0.038405444822557123,SF
TRAMORE-WATERFORD CITY WEST,"* KELLY, JOE",M,0.12992221682061253,NON-P
TRAMORE-WATERFORD CITY WEST,"* Kiely, Cristíona",F,0.045333009236752556,GRN
TRAMORE-WATERFORD CITY WEST,"Mangan, Killian",M,0.03962080700048615,NON-P
TRAMORE-WATERFORD CITY WEST,"McKnight, Mairéad",F,0.029047156052503645,LAB
TRAMORE-WATERFORD CITY WEST,"O'Neill, Melissa",F,0.008385999027710258,NON-P
TRAMORE-WATERFORD CITY WEST,"* O'SULLIVAN, LOLA",F,0.1595770539620807,FG
TRAMORE-WATERFORD CITY WEST,"* QUINLAN, EAMON",M,0.08215848322800194,FF
WATERFORD CITY EAST,"BARRY, DECLAN",M,0.14513335642535505,NON-P
WATERFORD CITY EAST,"Cretzan, Karl",M,0.04629950352153331,SF
WATERFORD CITY EAST,"* DANIELS, DAVID",M,0.1536774044567602,NON-P
WATERFORD CITY EAST,"D'ARCY, JIM",M,0.10068121464034176,FG
WATERFORD CITY EAST,"* FITZGERALD, PAT",M,0.09883385290382173,SF
WATERFORD CITY EAST,"Griffin, Caroline",F,0.039256436901050684,SF
WATERFORD CITY EAST,"* Keating, Stephanie",F,0.054497171227340956,FF
WATERFORD CITY EAST,"* Power, Jody",M,0.07273986837547627,GRN
WATERFORD CITY EAST,"* ROCHE, MARY",F,0.0742408497863988,SD
WATERFORD CITY EAST,"Ryan, Darren",M,0.06604318208059115,NON-P
WATERFORD CITY EAST,"Walsh, John D",M,0.025978524419812955,TIP
WATERFORD CITY EAST,"* WYSE, ADAM",M,0.12261863526151714,FF
WATERFORD CITY SOUTH,"* BAILEY, JOEANNE",F,0.09619021885976763,SF
WATERFORD CITY SOUTH,"BARRY, DONAL",M,0.17441232099432585,NON-P
WATERFORD CITY SOUTH,"Brennan, Breda",F,0.03863820589029992,SF
WATERFORD CITY SOUTH,"Burke, Kevin",M,0.07025128343690894,SF
WATERFORD CITY SOUTH,"Burns, Vivienne",F,0.046338827343961095,FF
WATERFORD CITY SOUTH,"Carroll, Lisa",F,0.02580383680086463,NON-P
WATERFORD CITY SOUTH,"Curtin, Patrick",M,0.017968116725209402,PBP
WATERFORD CITY SOUTH,"English, Eric",M,0.010942988381518508,NON-P
WATERFORD CITY SOUTH,"Griffin, Sinéad Ellen",F,0.01891380707916779,SD
WATERFORD CITY SOUTH,"* HEARNE, JOHN",M,0.13915158065387734,SF
WATERFORD CITY SOUTH,"* MURPHY, JASON",M,0.12780329640637667,FF
WATERFORD CITY SOUTH,"Ní Chléirigh, Maolíosa",F,0.021885976763037017,GRN
WATERFORD CITY SOUTH,"* QUINLAN, FRANK",M,0.08565252634423129,FG
WATERFORD CITY SOUTH,"Reinhardt, Seán",M,0.046338827343961095,NON-P
WATERFORD CITY SOUTH,"RYAN, SEAMUS",M,0.07970818697649285,LAB
ATHLONE,"Cleary, Tom",M,0.033120218006498274,NON-P
ATHLONE,"* DOLAN, JOHN",M,0.12724033120218006,FG
ATHLONE,"Dowling-Linehan, Conor",M,0.04664081333193586,SF
ATHLONE,"* Heavin, Louise",F,0.03815113719735877,GRN
ATHLONE,"* HOGAN, PAUL",M,0.03249135310764071,INDI
ATHLONE,"* KEENA, FRANKIE",M,0.14369562938895294,FF
ATHLONE,"Keyes, Ruairí",M,0.019809244314013204,FG
ATHLONE,"Lennon, Ray",M,0.015616811654962792,LAB
ATHLONE,"MORAN, KEVIN 'BOXER'",M,0.3963945079132166,NON-P
ATHLONE,"O'Donohoe, Catrina",F,0.029137406980400377,IFP
ATHLONE,"* O'ROURKE, AENGUS",M,0.11770254690284038,FF
KINNEGAD,"Coyne, Shauna",F,0.05861892583120205,FF
KINNEGAD,"Crum, Brian",M,0.060460358056265984,INDI
KINNEGAD,"DEVINE, ALFIE",M,0.1264450127877238,FF
KINNEGAD,"Fanning, Noeleen",F,0.04378516624040921,NON-P
KINNEGAD,"GAFFNEY, NIALL",M,0.10690537084398977,FF
KINNEGAD,"Herraty, Sarah",F,0.011560102301790281,IF
KINNEGAD,"Izekor, ANThonia",F,0.017902813299232736,FG
KINNEGAD,"JONES, DAVID",M,0.11611253196930946,SF
KINNEGAD,"* LEONARD, DENIS",M,0.1490537084398977,LAB
KINNEGAD,"MacDermott, Seamus",M,0.10035805626598465,FG
KINNEGAD,"McGauley, Ian",M,0.009411764705882352,TIP
KINNEGAD,"Monahan, Frances",M,0.015345268542199489,SF
KINNEGAD,"O'Neill, Laura",F,0.035703324808184146,ANT
KINNEGAD,"Okeke, Carol",F,0.01237851662404092,GRN
KINNEGAD,"Pigott, Maureen",F,0.03867007672634271,SF
KINNEGAD,"* WALLACE, EMILY",F,0.09728900255754476,FG
MOATE,"* FARRELL, TOM",M,0.23955706611117203,FG
MOATE,"Hogan, Paul",M,0.07389540620545992,INDI
MOATE,"Lawlor, John",M,0.04560903409713847,SF
MOATE,"Lynam, Shane",M,0.02960201732266199,IFP
MOATE,"* MCCORMACK, VINNY",M,0.17870847494792239,FF
MOATE,"* MCDANIEL, LIAM",M,0.16226290976866573,FF
MOATE,"O'Brien, Michael",M,0.11237802872492052,NON-P
MOATE,"* PENROSE, JOHNNIE",M,0.157987062822059,LAB
MULLINGAR,"Bennett, Fidelma",F,0.057972579078052464,LAB
MULLINGAR,"* COLLENTINE, BILL",M,0.10137104609737665,FF
MULLINGAR,"* DAVITT, AOIFE",F,0.1053654323653244,FF
MULLINGAR,"* DOLLARD, MICK",M,0.18309403001187521,NON-P
MULLINGAR,"* DUNCAN, ANDREW",M,0.10428586850912232,FG
MULLINGAR,"* GLYNN, KEN",M,0.14271834178991688,FF
MULLINGAR,"Heery, Gerry",M,0.08193889668573896,FG
MULLINGAR,"Hussey, Patrick",M,0.01932419302601749,NON-P
MULLINGAR,"Maguire, Margaret",F,0.03983590629385728,IF
MULLINGAR,"MCCOURT, JULIE",F,0.061751052574759796,SF
MULLINGAR,"Morris, Ali",F,0.0343301306272266,SD
MULLINGAR,"Rooney, Damien",M,0.021483320738421678,SF
MULLINGAR,"* Smyth, Hazel",F,0.046529202202310264,GRN
ENNISCORTHY,"* BROWNE, AIDAN",M,0.1436950146627566,FF
ENNISCORTHY,"* BYRNE, CATHAL",M,0.2021683106727095,FG
ENNISCORTHY,"Cahill-Flynn, Brendan",M,0.023016084599662312,GRN
ENNISCORTHY,"Doyle, Eamonn",M,0.026304096685328356,NON-P
ENNISCORTHY,"KEHOE, PAT",M,0.08326668443970497,FG
ENNISCORTHY,"* MURPHY, BARBARA-ANNE",F,0.1190793566160135,FF
ENNISCORTHY,"Nolan, Colette",F,0.06158357771260997,SF
ENNISCORTHY,"* O ROURKE, JOHN",M,0.1032613525282147,NON-P
ENNISCORTHY,"Ó Súilleabháin, Alfie",M,0.024526792855238604,SF
ENNISCORTHY,"* OWENS, JACKSER",M,0.10139518350662045,NON-P
ENNISCORTHY,"Wall, Majella",F,0.05305251932817915,NON-P
ENNISCORTHY,"Wheelock, Cyril",M,0.05865102639296188,NON-P
GOREY,"BOLAND, NICKY",M,0.11680167232819441,NON-P
GOREY,"* Bolger, Andrew",M,0.07412246320006968,FF
GOREY,"Byrne, Cillian",M,0.03910809162964898,NON-P
GOREY,"* DONOHOE, ANTHONY",M,0.10234300148070725,FG
GOREY,"Fitzpatrick, Lorna",F,0.037017681386638794,LAB
GOREY,"Fleming, Jimmy",M,0.08509711697587319,NON-P
GOREY,"Hudson, Aisling",F,0.01158435676334814,PBP
GOREY,"* KENNY, DONAL",M,0.14824492640013937,FF
GOREY,"MCDONALD, DARRAGH",M,0.09276195453357722,FG
GOREY,"McGovern, Darren",M,0.03388206602212351,IF
GOREY,"Molloy, Kevin",M,0.04537932235867956,SF
GOREY,"* Ó SÚILLEABHÁIN, FIONNTÁN",M,0.07438376448044595,SF
GOREY,"* SULLIVAN, JOE",M,0.11053044159916384,FF
GOREY,"Walsh, Ann",F,0.02874314084139012,GRN
KILMUCKRIDGE,"* BREEN, PIP",M,0.1951121794871795,FF
KILMUCKRIDGE,"* FARRELL, MARY",F,0.2297008547008547,NON-P
KILMUCKRIDGE,"KAVANAGH, PADDY",M,0.12206196581196581,NON-P
KILMUCKRIDGE,"* Kavanagh, Willie",M,0.14703525641025642,FF
KILMUCKRIDGE,"Kenny, Declan",M,0.12299679487179487,SF
KILMUCKRIDGE,"* WALSH, OLIVER",M,0.1830929487179487,FG
NEW ROSS,"* BARDEN, PAT",M,0.15492498369210697,NON-P
NEW ROSS,"* Connick, ANThony",M,0.066617742987606,NON-P
NEW ROSS,"DWYER, JOHN",M,0.08276255707762557,NON-P
NEW ROSS,"* FLEMING, JOHN",M,0.10746901500326157,FF
NEW ROSS,"Flynn, Anne",F,0.011660143509458577,NON-P
NEW ROSS,"Forte, Raymond",M,0.011823222439660795,NON-P
NEW ROSS,"Furlong, James",M,0.010926288323548597,NON-P
NEW ROSS,"Goodison, Kayley",F,0.06515003261578604,SF
NEW ROSS,"Lyng Maloney, Bridín",F,0.037752772341813436,LAB
NEW ROSS,"* MURPHY, BRIDÍN",F,0.08292563600782779,FG
NEW ROSS,"MURPHY, MARTY",M,0.10534898891063274,NON-P
NEW ROSS,"* SHEEHAN, MICHAEL",M,0.10526744944553164,FF
NEW ROSS,"Twomey, Harry",M,0.06580234833659492,FG
NEW ROSS,"* Whelan, Michael",M,0.09156881930854534,FF
ROSSLARE,"Barden, Jack",M,0.042826552462526764,NON-P
ROSSLARE,"Boyse, Simon",M,0.04749854000389332,FF
ROSSLARE,"* CARTHY, GER",M,0.18960482772045942,NON-P
ROSSLARE,"* CODD, JIM",M,0.23895269612614367,ANT
ROSSLARE,"Corish, Damien",M,0.032606579715787426,LAB
ROSSLARE,"Druhan, Joe",M,0.06832781779248588,NON-P
ROSSLARE,"Fitzharris, Willie",M,0.018979949386801635,FG
ROSSLARE,"* MCDONALD, LISA",F,0.10755304652520926,FF
ROSSLARE,"Murphy, Jason",M,0.01216663422230874,TNP
ROSSLARE,"O'BRIEN, AOIFE ROSE",F,0.057231847381740315,SF
ROSSLARE,"Roche, Mick",M,0.047109207708779445,SF
ROSSLARE,"* STAPLES, FRANK",M,0.13714230095386412,FG
WEXFORD,"Clancy Barron, Vicky",F,0.03615620886353664,LAB
WEXFORD,"* FORDE, TOM",M,0.10092145677928917,SF
WEXFORD,"* Hynes, Davy",M,0.04300131636682756,SF
WEXFORD,"* KELLY, LEONARD",M,0.11768319438350154,NON-P
WEXFORD,"* LAFFAN, GARRY",M,0.12391399736726634,FF
WEXFORD,"* LAWLOR, GEORGE",M,0.20719613865730582,LAB
WEXFORD,"Moloney, Emmet",M,0.036858271171566474,FF
WEXFORD,"O'Neill, Michelle",F,0.03229486616937253,NON-P
WEXFORD,"Power, Stephen",M,0.012724879333040808,TIP
WEXFORD,"Ryan, Dave",M,0.045985081175954366,NON-P
WEXFORD,"SHANNON, RAYMOND",M,0.04449319877139096,NON-P
WEXFORD,"Smyth, Lorraine",F,0.023168056164984643,SF
WEXFORD,"STAPLES, ROBBIE",M,0.138306274681878,FG
WEXFORD,"WALSH, CATHERINE BIDDY",F,0.03729706011408512,LAB
ARKLOW,"* Annesley, Tommy",M,0.05746007012076354,FF
ARKLOW,"Bodley, Viktoria",F,0.012271133619010518,NON-P
ARKLOW,"* BOURKE, SLYVESTER",M,0.0913517724970783,FG
ARKLOW,"Busher, Shiela",F,0.04168289832489287,SF
ARKLOW,"Farrell, Lorraine",F,0.02230229840280483,PBP
ARKLOW,"* FITZGERALD, PAT",M,0.09894818854694196,FF
ARKLOW,"Kearon, Laurie Way",F,0.03944292948967666,FG
ARKLOW,"* KENNEDY, PAT",M,0.2718153486560187,FF
ARKLOW,"* LEONARD, PEIR",F,0.19721464744838332,NON-P
ARKLOW,"* MURPHY, MIRIAM",F,0.04996104402025711,NON-P
ARKLOW,"O'Gorman, David",M,0.04850019477989871,INDI
ARKLOW,"O'TOOLE, WARREN",M,0.06904947409427348,SF
BALTINGLASS,"Burke, Kieran",M,0.05872332795409718,FF
BALTINGLASS,"Byrne, Connor",M,0.025820333512641205,SF
BALTINGLASS,"* CRONIN, AVRIL",F,0.10059171597633136,FG
BALTINGLASS,"* GLENNON, PATSY",M,0.07082660928814775,FF
BALTINGLASS,"Kinsella, Aidan",M,0.055585440200824815,SF
BALTINGLASS,"McCormack, Deirdre",F,0.07001972386587771,SD
BALTINGLASS,"McNulty, ANThony",M,0.0228617536309844,PBP
BALTINGLASS,"MULHALL, JASON",M,0.06473014165321858,NON-P
BALTINGLASS,"* Mullen, John",M,0.08077819616281155,FF
BALTINGLASS,"* O'NEILL, GERRY",M,0.1804733727810651,NON-P
BALTINGLASS,"PlANT, Dominic",M,0.004303388918773534,NON-P
BALTINGLASS,"STAPLETON, PETER",M,0.12309485386408463,FG
BALTINGLASS,"* TIMMINS, EDWARD",M,0.14219114219114218,FG
BRAY EAST,"Cahill, Denise",F,0.1086286594761171,SF
BRAY EAST,"Cremins, Finnian",M,0.024961479198767334,TIP
BRAY EAST,"Donnelly, Lee",M,0.005238828967642527,NON-P
BRAY EAST,"* DOYLE, ERIKA",F,0.14791987673343607,GRN
BRAY EAST,"DUDDY, MALACHAÍ",M,0.09460708782742681,NON-P
BRAY EAST,"* Ferris, Anne",F,0.07519260400616333,LAB
BRAY EAST,"Fitzgerald Doyle, Fergal",M,0.08567026194144839,FF
BRAY EAST,"* FLYNN KENNEDY, AOIFE",F,0.1716486902927581,FG
BRAY EAST,"Hayes, Frank",M,0.02049306625577812,PBP
BRAY EAST,"Hogan, Ciarán",M,0.06533127889060092,ANT
BRAY EAST,"McAllorum, Aaron",M,0.06194144838212635,SD
BRAY EAST,"NEARY, IAN",M,0.13836671802773498,INDI
BRAY WEST,"* BEHAN, JOE",M,0.34400899002668917,NON-P
BRAY WEST,"Carry, Rob",M,0.06573957016434892,NON-P
BRAY WEST,"* CORRIGAN, MELANIE",F,0.24469728894507656,FG
BRAY WEST,"Flood, Colm Joseph",M,0.008568619188088215,NON-P
BRAY WEST,"Kenna, Bryan",M,0.035257760921477733,LAB
BRAY WEST,"Manning, Keith",M,0.05000702345835089,NON-P
BRAY WEST,"* O'BRIEN, DERMOT 'DAISY'",M,0.07964601769911504,SF
BRAY WEST,"Pigot, Alex",M,0.05351875263379688,GRN
BRAY WEST,"* Ryan, Mick",M,0.0464952942829049,SF
BRAY WEST,"WINSTANLEY, CAROLINE",F,0.07206068268015171,SD
GREYSTONES,"BARRY, MARK",M,0.09463971880492092,SD
GREYSTONES,"Burke, Anne Waithira",F,0.033919156414762744,LAB
GREYSTONES,"Commons, Jack",M,0.09147627416520211,FF
GREYSTONES,"FENELON GASKIN, LOUISE",F,0.11282952548330404,FG
GREYSTONES,"FINN, ORLA",F,0.11151142355008788,NON-P
GREYSTONES,"Fogarty, Brian",M,0.020738137082601055,SF
GREYSTONES,"* FORTUNE, TOM",M,0.12486818980667838,NON-P
GREYSTONES,"Goldsmith, ANTony",M,0.02530755711775044,IFP
GREYSTONES,"Keddy, Charlie",M,0.009490333919156414,NON-P
GREYSTONES,"Kelly, Esther",F,0.02179261862917399,SF
GREYSTONES,"Lennon, Aileen",F,0.051230228471001754,FG
GREYSTONES,"McConnell, Kellie",F,0.028646748681898065,PBP
GREYSTONES,"* SCOTT, LOURDA",F,0.09261862917398946,GRN
GREYSTONES,"* STOKES, STEPHEN",M,0.18093145869947275,NON-P
WICKLOW,"ALVEY, DANNY",M,0.14235772357723578,SD
WICKLOW,"Casey-Shortt, Sonia",F,0.07788617886178861,FF
WICKLOW,"* DUNNE, GAIL",M,0.10544715447154472,FF
WICKLOW,"Fahey McCarthy, Mia",F,0.023658536585365854,GRN
WICKLOW,"Hill, ANThony",M,0.044715447154471545,SF
WICKLOW,"* Kavanagh, Mary",F,0.052113821138211384,NON-P
WICKLOW,"Kavanagh, Tim",M,0.01024390243902439,NON-P
WICKLOW,"LANGRELL, SHANE",M,0.111869918699187,FG
WICKLOW,"Larkin, John",M,0.06186991869918699,NON-P
WICKLOW,"* O'BRIEN, PAUL",M,0.08495934959349594,LAB
WICKLOW,"O'Loughlin, Abbie",F,0.03333333333333333,SF
WICKLOW,"RICHMOND, GRAHAM",M,0.07934959349593496,FG
WICKLOW,"* SNELL, JOHN",M,0.1721951219512195,NON-P
